season,week,fecha,juego,equipo,rival,es_local,player_id,jugador,pos,prop,prediccion,lo,hi,prob_1mas,fecha_prediccion
2026,1,2026-09-09,NE @ SEA,SEA,NE,1,00-0038543,Jaxon Smith-Njigba,WR,yardas_recepcion,66.98,25.96,103.47,,2026-08-12 17:39
2026,1,2026-09-09,NE @ SEA,SEA,NE,1,00-0038543,Jaxon Smith-Njigba,WR,recepciones,5.18,,,0.99,2026-08-12 17:39
2026,1,2026-09-09,NE @ SEA,SEA,NE,1,00-0038543,Jaxon Smith-Njigba,WR,td_recepcion,0.39,,,0.32,2026-08-12 17:39
2026,1,2026-09-09,NE @ SEA,SEA,NE,1,00-0034869,Sam Darnold,QB,yardas_pase,173.81,109.51,246.71,,2026-08-12 17:39
2026,1,2026-09-09,NE @ SEA,SEA,NE,1,00-0034869,Sam Darnold,QB,td_pase,1.24,,,0.71,2026-08-12 17:39
2026,1,2026-09-09,NE @ SEA,SEA,NE,1,00-0034869,Sam Darnold,QB,intercepciones,0.58,,,0.44,2026-08-12 17:39
2026,1,2026-09-09,NE @ SEA,SEA,NE,1,00-0034869,Sam Darnold,QB,yardas_tierra,7.3,0.0,17.51,,2026-08-12 17:39
2026,1,2026-09-09,NE @ SEA,SEA,NE,1,00-0034869,Sam Darnold,QB,td_tierra,0.07,,,0.07,2026-08-12 17:39
2026,1,2026-09-09,NE @ SEA,SEA,NE,1,00-0039793,AJ Barner,TE,yardas_recepcion,25.46,2.11,43.83,,2026-08-12 17:39
2026,1,2026-09-09,NE @ SEA,SEA,NE,1,00-0039793,AJ Barner,TE,recepciones,2.12,,,0.88,2026-08-12 17:39
2026,1,2026-09-09,NE @ SEA,SEA,NE,1,00-0039793,AJ Barner,TE,td_recepcion,0.23,,,0.2,2026-08-12 17:39
2026,1,2026-09-09,NE @ SEA,SEA,NE,1,00-0039165,Zach Charbonnet,RB,yardas_tierra,51.12,18.0,83.48,,2026-08-12 17:39
2026,1,2026-09-09,NE @ SEA,SEA,NE,1,00-0039165,Zach Charbonnet,RB,td_tierra,0.44,,,0.36,2026-08-12 17:39
2026,1,2026-09-09,NE @ SEA,SEA,NE,1,00-0039165,Zach Charbonnet,RB,yardas_recepcion,13.36,0.0,27.55,,2026-08-12 17:39
2026,1,2026-09-09,NE @ SEA,SEA,NE,1,00-0039165,Zach Charbonnet,RB,recepciones,1.53,,,0.78,2026-08-12 17:39
2026,1,2026-09-09,NE @ SEA,SEA,NE,1,00-0039165,Zach Charbonnet,RB,td_recepcion,0.09,,,0.08,2026-08-12 17:39
2026,1,2026-09-09,NE @ SEA,SEA,NE,1,00-0037545,Rashid Shaheed,WR,yardas_recepcion,15.92,0.0,31.0,,2026-08-12 17:39
2026,1,2026-09-09,NE @ SEA,SEA,NE,1,00-0037545,Rashid Shaheed,WR,recepciones,1.33,,,0.74,2026-08-12 17:39
2026,1,2026-09-09,NE @ SEA,SEA,NE,1,00-0037545,Rashid Shaheed,WR,td_recepcion,0.11,,,0.1,2026-08-12 17:39
2026,1,2026-09-09,NE @ SEA,SEA,NE,1,00-0040739,Elijah Arroyo,TE,yardas_recepcion,10.39,0.0,26.02,,2026-08-12 17:39
2026,1,2026-09-09,NE @ SEA,SEA,NE,1,00-0040739,Elijah Arroyo,TE,recepciones,0.96,,,0.62,2026-08-12 17:39
2026,1,2026-09-09,NE @ SEA,SEA,NE,1,00-0040739,Elijah Arroyo,TE,td_recepcion,0.08,,,0.08,2026-08-12 17:39
2026,1,2026-09-09,NE @ SEA,SEA,NE,1,00-0033908,Cooper Kupp,WR,yardas_recepcion,43.95,13.12,80.22,,2026-08-12 17:39
2026,1,2026-09-09,NE @ SEA,SEA,NE,1,00-0033908,Cooper Kupp,WR,recepciones,3.75,,,0.98,2026-08-12 17:39
2026,1,2026-09-09,NE @ SEA,SEA,NE,1,00-0033908,Cooper Kupp,WR,td_recepcion,0.28,,,0.24,2026-08-12 17:39
2026,1,2026-09-09,NE @ SEA,NE,SEA,0,00-0035676,A.J. Brown,WR,yardas_recepcion,64.33,26.79,101.83,,2026-08-12 17:39
2026,1,2026-09-09,NE @ SEA,NE,SEA,0,00-0035676,A.J. Brown,WR,recepciones,4.91,,,0.99,2026-08-12 17:39
2026,1,2026-09-09,NE @ SEA,NE,SEA,0,00-0035676,A.J. Brown,WR,td_recepcion,0.37,,,0.31,2026-08-12 17:39
2026,1,2026-09-09,NE @ SEA,NE,SEA,0,00-0039851,Drake Maye,QB,yardas_pase,186.05,120.51,273.02,,2026-08-12 17:39
2026,1,2026-09-09,NE @ SEA,NE,SEA,0,00-0039851,Drake Maye,QB,td_pase,1.19,,,0.7,2026-08-12 17:39
2026,1,2026-09-09,NE @ SEA,NE,SEA,0,00-0039851,Drake Maye,QB,intercepciones,0.42,,,0.34,2026-08-12 17:39
2026,1,2026-09-09,NE @ SEA,NE,SEA,0,00-0039851,Drake Maye,QB,yardas_tierra,37.55,11.69,63.2,,2026-08-12 17:39
2026,1,2026-09-09,NE @ SEA,NE,SEA,0,00-0039851,Drake Maye,QB,td_tierra,0.29,,,0.25,2026-08-12 17:39
2026,1,2026-09-09,NE @ SEA,NE,SEA,0,00-0033090,Hunter Henry,TE,yardas_recepcion,37.15,8.3,65.8,,2026-08-12 17:39
2026,1,2026-09-09,NE @ SEA,NE,SEA,0,00-0033090,Hunter Henry,TE,recepciones,2.89,,,0.94,2026-08-12 17:39
2026,1,2026-09-09,NE @ SEA,NE,SEA,0,00-0033090,Hunter Henry,TE,td_recepcion,0.2,,,0.18,2026-08-12 17:39
2026,1,2026-09-09,NE @ SEA,NE,SEA,0,00-0036875,Rhamondre Stevenson,RB,yardas_tierra,57.68,27.67,87.64,,2026-08-12 17:39
2026,1,2026-09-09,NE @ SEA,NE,SEA,0,00-0036875,Rhamondre Stevenson,RB,td_tierra,0.38,,,0.31,2026-08-12 17:39
2026,1,2026-09-09,NE @ SEA,NE,SEA,0,00-0036875,Rhamondre Stevenson,RB,yardas_recepcion,28.09,4.98,51.67,,2026-08-12 17:39
2026,1,2026-09-09,NE @ SEA,NE,SEA,0,00-0036875,Rhamondre Stevenson,RB,recepciones,2.73,,,0.93,2026-08-12 17:39
2026,1,2026-09-09,NE @ SEA,NE,SEA,0,00-0036875,Rhamondre Stevenson,RB,td_recepcion,0.2,,,0.18,2026-08-12 17:39
2026,1,2026-09-09,NE @ SEA,NE,SEA,0,00-0037816,Romeo Doubs,WR,yardas_recepcion,52.16,12.24,78.74,,2026-08-12 17:39
2026,1,2026-09-09,NE @ SEA,NE,SEA,0,00-0037816,Romeo Doubs,WR,recepciones,3.26,,,0.96,2026-08-12 17:39
2026,1,2026-09-09,NE @ SEA,NE,SEA,0,00-0037816,Romeo Doubs,WR,td_recepcion,0.26,,,0.23,2026-08-12 17:39
2026,1,2026-09-09,NE @ SEA,NE,SEA,0,00-0040734,TreVeyon Henderson,RB,yardas_tierra,23.33,3.93,46.48,,2026-08-12 17:39
2026,1,2026-09-09,NE @ SEA,NE,SEA,0,00-0040734,TreVeyon Henderson,RB,td_tierra,0.21,,,0.19,2026-08-12 17:39
2026,1,2026-09-09,NE @ SEA,NE,SEA,0,00-0040734,TreVeyon Henderson,RB,yardas_recepcion,9.91,0.0,20.34,,2026-08-12 17:39
2026,1,2026-09-09,NE @ SEA,NE,SEA,0,00-0040734,TreVeyon Henderson,RB,recepciones,1.17,,,0.69,2026-08-12 17:39
2026,1,2026-09-09,NE @ SEA,NE,SEA,0,00-0040734,TreVeyon Henderson,RB,td_recepcion,0.07,,,0.07,2026-08-12 17:39
2026,1,2026-09-09,NE @ SEA,NE,SEA,0,00-0038608,Kayshon Boutte,WR,yardas_recepcion,45.29,11.34,69.2,,2026-08-12 17:39
2026,1,2026-09-09,NE @ SEA,NE,SEA,0,00-0038608,Kayshon Boutte,WR,recepciones,2.83,,,0.94,2026-08-12 17:39
2026,1,2026-09-09,NE @ SEA,NE,SEA,0,00-0038608,Kayshon Boutte,WR,td_recepcion,0.2,,,0.18,2026-08-12 17:39
2026,1,2026-09-10,SF @ LA,LA,SF,1,00-0039075,Puka Nacua,WR,yardas_recepcion,60.27,33.65,96.01,,2026-08-12 17:39
2026,1,2026-09-10,SF @ LA,LA,SF,1,00-0039075,Puka Nacua,WR,recepciones,5.48,,,1.0,2026-08-12 17:39
2026,1,2026-09-10,SF @ LA,LA,SF,1,00-0039075,Puka Nacua,WR,td_recepcion,0.57,,,0.43,2026-08-12 17:39
2026,1,2026-09-10,SF @ LA,LA,SF,1,00-0026498,Matthew Stafford,QB,yardas_pase,284.27,205.39,323.77,,2026-08-12 17:39
2026,1,2026-09-10,SF @ LA,LA,SF,1,00-0026498,Matthew Stafford,QB,td_pase,1.93,,,0.85,2026-08-12 17:39
2026,1,2026-09-10,SF @ LA,LA,SF,1,00-0026498,Matthew Stafford,QB,intercepciones,0.68,,,0.49,2026-08-12 17:39
2026,1,2026-09-10,SF @ LA,LA,SF,1,00-0026498,Matthew Stafford,QB,yardas_tierra,4.59,0.0,8.99,,2026-08-12 17:39
2026,1,2026-09-10,SF @ LA,LA,SF,1,00-0026498,Matthew Stafford,QB,td_tierra,0.09,,,0.08,2026-08-12 17:39
2026,1,2026-09-10,SF @ LA,LA,SF,1,00-0036244,Colby Parkinson,TE,yardas_recepcion,37.68,11.54,72.41,,2026-08-12 17:39
2026,1,2026-09-10,SF @ LA,LA,SF,1,00-0036244,Colby Parkinson,TE,recepciones,3.31,,,0.96,2026-08-12 17:39
2026,1,2026-09-10,SF @ LA,LA,SF,1,00-0036244,Colby Parkinson,TE,td_recepcion,0.29,,,0.25,2026-08-12 17:39
2026,1,2026-09-10,SF @ LA,LA,SF,1,00-0037840,Kyren Williams,RB,yardas_tierra,62.47,29.02,94.68,,2026-08-12 17:39
2026,1,2026-09-10,SF @ LA,LA,SF,1,00-0037840,Kyren Williams,RB,td_tierra,0.48,,,0.38,2026-08-12 17:39
2026,1,2026-09-10,SF @ LA,LA,SF,1,00-0037840,Kyren Williams,RB,yardas_recepcion,22.32,1.22,43.4,,2026-08-12 17:39
2026,1,2026-09-10,SF @ LA,LA,SF,1,00-0037840,Kyren Williams,RB,recepciones,2.34,,,0.9,2026-08-12 17:39
2026,1,2026-09-10,SF @ LA,LA,SF,1,00-0037840,Kyren Williams,RB,td_recepcion,0.19,,,0.17,2026-08-12 17:39
2026,1,2026-09-10,SF @ LA,LA,SF,1,00-0031381,Davante Adams,WR,yardas_recepcion,53.13,15.02,90.37,,2026-08-12 17:39
2026,1,2026-09-10,SF @ LA,LA,SF,1,00-0031381,Davante Adams,WR,recepciones,4.02,,,0.98,2026-08-12 17:39
2026,1,2026-09-10,SF @ LA,LA,SF,1,00-0031381,Davante Adams,WR,td_recepcion,0.32,,,0.28,2026-08-12 17:39
2026,1,2026-09-10,SF @ LA,LA,SF,1,00-0033110,Tyler Higbee,TE,yardas_recepcion,22.13,0.56,42.3,,2026-08-12 17:39
2026,1,2026-09-10,SF @ LA,LA,SF,1,00-0033110,Tyler Higbee,TE,recepciones,1.79,,,0.83,2026-08-12 17:39
2026,1,2026-09-10,SF @ LA,LA,SF,1,00-0033110,Tyler Higbee,TE,td_recepcion,0.16,,,0.15,2026-08-12 17:39
2026,1,2026-09-10,SF @ LA,LA,SF,1,00-0039738,Blake Corum,RB,yardas_tierra,36.28,10.47,54.77,,2026-08-12 17:39
2026,1,2026-09-10,SF @ LA,LA,SF,1,00-0039738,Blake Corum,RB,td_tierra,0.21,,,0.19,2026-08-12 17:39
2026,1,2026-09-10,SF @ LA,LA,SF,1,00-0039738,Blake Corum,RB,yardas_recepcion,9.82,0.0,20.53,,2026-08-12 17:39
2026,1,2026-09-10,SF @ LA,LA,SF,1,00-0039738,Blake Corum,RB,recepciones,1.22,,,0.7,2026-08-12 17:39
2026,1,2026-09-10,SF @ LA,LA,SF,1,00-0039738,Blake Corum,RB,td_recepcion,0.07,,,0.07,2026-08-12 17:39
2026,1,2026-09-10,SF @ LA,LA,SF,1,00-0039751,Jordan Whittington,WR,yardas_recepcion,7.87,0.0,15.63,,2026-08-12 17:39
2026,1,2026-09-10,SF @ LA,LA,SF,1,00-0039751,Jordan Whittington,WR,recepciones,0.76,,,0.53,2026-08-12 17:39
2026,1,2026-09-10,SF @ LA,LA,SF,1,00-0039751,Jordan Whittington,WR,td_recepcion,0.03,,,0.03,2026-08-12 17:39
2026,1,2026-09-10,SF @ LA,SF,LA,0,00-0031408,Mike Evans,WR,yardas_recepcion,49.6,12.07,85.12,,2026-08-12 17:39
2026,1,2026-09-10,SF @ LA,SF,LA,0,00-0031408,Mike Evans,WR,recepciones,3.38,,,0.97,2026-08-12 17:39
2026,1,2026-09-10,SF @ LA,SF,LA,0,00-0031408,Mike Evans,WR,td_recepcion,0.27,,,0.24,2026-08-12 17:39
2026,1,2026-09-10,SF @ LA,SF,LA,0,00-0037834,Brock Purdy,QB,yardas_pase,174.85,131.84,288.31,,2026-08-12 17:39
2026,1,2026-09-10,SF @ LA,SF,LA,0,00-0037834,Brock Purdy,QB,td_pase,1.82,,,0.84,2026-08-12 17:39
2026,1,2026-09-10,SF @ LA,SF,LA,0,00-0037834,Brock Purdy,QB,intercepciones,0.7,,,0.5,2026-08-12 17:39
2026,1,2026-09-10,SF @ LA,SF,LA,0,00-0037834,Brock Purdy,QB,yardas_tierra,21.96,3.45,37.19,,2026-08-12 17:39
2026,1,2026-09-10,SF @ LA,SF,LA,0,00-0037834,Brock Purdy,QB,td_tierra,0.23,,,0.21,2026-08-12 17:39
2026,1,2026-09-10,SF @ LA,SF,LA,0,00-0033288,George Kittle,TE,yardas_recepcion,54.95,18.52,91.87,,2026-08-12 17:39
2026,1,2026-09-10,SF @ LA,SF,LA,0,00-0033288,George Kittle,TE,recepciones,4.51,,,0.99,2026-08-12 17:39
2026,1,2026-09-10,SF @ LA,SF,LA,0,00-0033288,George Kittle,TE,td_recepcion,0.31,,,0.26,2026-08-12 17:39
2026,1,2026-09-10,SF @ LA,SF,LA,0,00-0033280,Christian McCaffrey,RB,yardas_tierra,70.91,31.61,106.08,,2026-08-12 17:39
2026,1,2026-09-10,SF @ LA,SF,LA,0,00-0033280,Christian McCaffrey,RB,td_tierra,0.43,,,0.35,2026-08-12 17:39
2026,1,2026-09-10,SF @ LA,SF,LA,0,00-0033280,Christian McCaffrey,RB,yardas_recepcion,35.6,13.92,64.45,,2026-08-12 17:39
2026,1,2026-09-10,SF @ LA,SF,LA,0,00-0033280,Christian McCaffrey,RB,recepciones,4.51,,,0.99,2026-08-12 17:39
2026,1,2026-09-10,SF @ LA,SF,LA,0,00-0033280,Christian McCaffrey,RB,td_recepcion,0.33,,,0.28,2026-08-12 17:39
2026,1,2026-09-10,SF @ LA,SF,LA,0,00-0035719,Deebo Samuel,WR,yardas_recepcion,51.72,14.18,80.31,,2026-08-12 17:39
2026,1,2026-09-10,SF @ LA,SF,LA,0,00-0035719,Deebo Samuel,WR,recepciones,3.54,,,0.97,2026-08-12 17:39
2026,1,2026-09-10,SF @ LA,SF,LA,0,00-0035719,Deebo Samuel,WR,td_recepcion,0.22,,,0.2,2026-08-12 17:39
2026,1,2026-09-10,SF @ LA,SF,LA,0,00-0037112,Jake Tonges,TE,yardas_recepcion,28.24,2.69,58.02,,2026-08-12 17:39
2026,1,2026-09-10,SF @ LA,SF,LA,0,00-0037112,Jake Tonges,TE,recepciones,2.49,,,0.92,2026-08-12 17:39
2026,1,2026-09-10,SF @ LA,SF,LA,0,00-0037112,Jake Tonges,TE,td_recepcion,0.18,,,0.16,2026-08-12 17:39
2026,1,2026-09-10,SF @ LA,SF,LA,0,00-0034775,Christian Kirk,WR,yardas_recepcion,33.51,5.89,64.37,,2026-08-12 17:39
2026,1,2026-09-10,SF @ LA,SF,LA,0,00-0034775,Christian Kirk,WR,recepciones,2.85,,,0.94,2026-08-12 17:39
2026,1,2026-09-10,SF @ LA,SF,LA,0,00-0034775,Christian Kirk,WR,td_recepcion,0.23,,,0.21,2026-08-12 17:39
2026,1,2026-09-13,CHI @ CAR,CAR,CHI,1,00-0040124,Tetairoa McMillan,WR,yardas_recepcion,61.5,15.99,91.89,,2026-08-12 17:39
2026,1,2026-09-13,CHI @ CAR,CAR,CHI,1,00-0040124,Tetairoa McMillan,WR,recepciones,4.12,,,0.98,2026-08-12 17:39
2026,1,2026-09-13,CHI @ CAR,CAR,CHI,1,00-0040124,Tetairoa McMillan,WR,td_recepcion,0.32,,,0.27,2026-08-12 17:39
2026,1,2026-09-13,CHI @ CAR,CAR,CHI,1,00-0039150,Bryce Young,QB,yardas_pase,207.98,139.2,288.15,,2026-08-12 17:39
2026,1,2026-09-13,CHI @ CAR,CAR,CHI,1,00-0039150,Bryce Young,QB,td_pase,1.02,,,0.64,2026-08-12 17:39
2026,1,2026-09-13,CHI @ CAR,CAR,CHI,1,00-0039150,Bryce Young,QB,intercepciones,0.82,,,0.56,2026-08-12 17:39
2026,1,2026-09-13,CHI @ CAR,CAR,CHI,1,00-0039150,Bryce Young,QB,yardas_tierra,21.75,3.87,36.89,,2026-08-12 17:39
2026,1,2026-09-13,CHI @ CAR,CAR,CHI,1,00-0039150,Bryce Young,QB,td_tierra,0.21,,,0.19,2026-08-12 17:39
2026,1,2026-09-13,CHI @ CAR,CAR,CHI,1,00-0037005,Tommy Tremble,TE,yardas_recepcion,21.63,0.97,40.0,,2026-08-12 17:39
2026,1,2026-09-13,CHI @ CAR,CAR,CHI,1,00-0037005,Tommy Tremble,TE,recepciones,2.44,,,0.91,2026-08-12 17:39
2026,1,2026-09-13,CHI @ CAR,CAR,CHI,1,00-0037005,Tommy Tremble,TE,td_recepcion,0.12,,,0.12,2026-08-12 17:39
2026,1,2026-09-13,CHI @ CAR,CAR,CHI,1,00-0036555,Chuba Hubbard,RB,yardas_tierra,27.58,3.95,57.69,,2026-08-12 17:39
2026,1,2026-09-13,CHI @ CAR,CAR,CHI,1,00-0036555,Chuba Hubbard,RB,td_tierra,0.28,,,0.25,2026-08-12 17:39
2026,1,2026-09-13,CHI @ CAR,CAR,CHI,1,00-0036555,Chuba Hubbard,RB,yardas_recepcion,14.75,0.0,30.48,,2026-08-12 17:39
2026,1,2026-09-13,CHI @ CAR,CAR,CHI,1,00-0036555,Chuba Hubbard,RB,recepciones,1.8,,,0.83,2026-08-12 17:39
2026,1,2026-09-13,CHI @ CAR,CAR,CHI,1,00-0036555,Chuba Hubbard,RB,td_recepcion,0.08,,,0.08,2026-08-12 17:39
2026,1,2026-09-13,CHI @ CAR,CAR,CHI,1,00-0039491,Jalen Coker,WR,yardas_recepcion,51.65,17.01,84.99,,2026-08-12 17:39
2026,1,2026-09-13,CHI @ CAR,CAR,CHI,1,00-0039491,Jalen Coker,WR,recepciones,4.35,,,0.99,2026-08-12 17:39
2026,1,2026-09-13,CHI @ CAR,CAR,CHI,1,00-0039491,Jalen Coker,WR,td_recepcion,0.35,,,0.3,2026-08-12 17:39
2026,1,2026-09-13,CHI @ CAR,CAR,CHI,1,00-0039356,Ja'Tavion Sanders,TE,yardas_recepcion,15.54,0.0,32.12,,2026-08-12 17:39
2026,1,2026-09-13,CHI @ CAR,CAR,CHI,1,00-0039356,Ja'Tavion Sanders,TE,recepciones,1.8,,,0.83,2026-08-12 17:39
2026,1,2026-09-13,CHI @ CAR,CAR,CHI,1,00-0039356,Ja'Tavion Sanders,TE,td_recepcion,0.11,,,0.11,2026-08-12 17:39
2026,1,2026-09-13,CHI @ CAR,CAR,CHI,1,00-0039344,Jonathon Brooks,RB,yardas_tierra,17.06,0.0,36.13,,2026-08-12 17:39
2026,1,2026-09-13,CHI @ CAR,CAR,CHI,1,00-0039344,Jonathon Brooks,RB,td_tierra,0.08,,,0.08,2026-08-12 17:39
2026,1,2026-09-13,CHI @ CAR,CAR,CHI,1,00-0039344,Jonathon Brooks,RB,yardas_recepcion,6.37,0.0,13.8,,2026-08-12 17:39
2026,1,2026-09-13,CHI @ CAR,CAR,CHI,1,00-0039344,Jonathon Brooks,RB,recepciones,0.75,,,0.53,2026-08-12 17:39
2026,1,2026-09-13,CHI @ CAR,CAR,CHI,1,00-0039344,Jonathon Brooks,RB,td_recepcion,0.04,,,0.04,2026-08-12 17:39
2026,1,2026-09-13,CHI @ CAR,CAR,CHI,1,00-0039342,Xavier Legette,WR,yardas_recepcion,19.19,0.06,39.42,,2026-08-12 17:39
2026,1,2026-09-13,CHI @ CAR,CAR,CHI,1,00-0039342,Xavier Legette,WR,recepciones,1.9,,,0.85,2026-08-12 17:39
2026,1,2026-09-13,CHI @ CAR,CAR,CHI,1,00-0039342,Xavier Legette,WR,td_recepcion,0.11,,,0.1,2026-08-12 17:39
2026,1,2026-09-13,CHI @ CAR,CHI,CAR,0,00-0039919,Rome Odunze,WR,yardas_recepcion,47.62,12.99,81.81,,2026-08-12 17:39
2026,1,2026-09-13,CHI @ CAR,CHI,CAR,0,00-0039919,Rome Odunze,WR,recepciones,3.07,,,0.95,2026-08-12 17:39
2026,1,2026-09-13,CHI @ CAR,CHI,CAR,0,00-0039919,Rome Odunze,WR,td_recepcion,0.24,,,0.21,2026-08-12 17:39
2026,1,2026-09-13,CHI @ CAR,CHI,CAR,0,00-0039918,Caleb Williams,QB,yardas_pase,293.51,212.96,334.3,,2026-08-12 17:39
2026,1,2026-09-13,CHI @ CAR,CHI,CAR,0,00-0039918,Caleb Williams,QB,td_pase,2.16,,,0.88,2026-08-12 17:39
2026,1,2026-09-13,CHI @ CAR,CHI,CAR,0,00-0039918,Caleb Williams,QB,intercepciones,0.62,,,0.46,2026-08-12 17:39
2026,1,2026-09-13,CHI @ CAR,CHI,CAR,0,00-0039918,Caleb Williams,QB,yardas_tierra,17.95,1.36,34.85,,2026-08-12 17:39
2026,1,2026-09-13,CHI @ CAR,CHI,CAR,0,00-0039918,Caleb Williams,QB,td_tierra,0.15,,,0.14,2026-08-12 17:39
2026,1,2026-09-13,CHI @ CAR,CHI,CAR,0,00-0040126,Colston Loveland,TE,yardas_recepcion,72.41,34.37,109.74,,2026-08-12 17:39
2026,1,2026-09-13,CHI @ CAR,CHI,CAR,0,00-0040126,Colston Loveland,TE,recepciones,5.63,,,1.0,2026-08-12 17:39
2026,1,2026-09-13,CHI @ CAR,CHI,CAR,0,00-0040126,Colston Loveland,TE,td_recepcion,0.39,,,0.32,2026-08-12 17:39
2026,1,2026-09-13,CHI @ CAR,CHI,CAR,0,00-0036275,D'Andre Swift,RB,yardas_tierra,57.64,21.49,90.14,,2026-08-12 17:39
2026,1,2026-09-13,CHI @ CAR,CHI,CAR,0,00-0036275,D'Andre Swift,RB,td_tierra,0.56,,,0.43,2026-08-12 17:39
2026,1,2026-09-13,CHI @ CAR,CHI,CAR,0,00-0036275,D'Andre Swift,RB,yardas_recepcion,16.42,0.1,34.6,,2026-08-12 17:39
2026,1,2026-09-13,CHI @ CAR,CHI,CAR,0,00-0036275,D'Andre Swift,RB,recepciones,1.55,,,0.79,2026-08-12 17:39
2026,1,2026-09-13,CHI @ CAR,CHI,CAR,0,00-0036275,D'Andre Swift,RB,td_recepcion,0.1,,,0.09,2026-08-12 17:39
2026,1,2026-09-13,CHI @ CAR,CHI,CAR,0,00-0040735,Luther Burden III,WR,yardas_recepcion,45.64,13.7,80.96,,2026-08-12 17:39
2026,1,2026-09-13,CHI @ CAR,CHI,CAR,0,00-0040735,Luther Burden III,WR,recepciones,3.76,,,0.98,2026-08-12 17:39
2026,1,2026-09-13,CHI @ CAR,CHI,CAR,0,00-0040735,Luther Burden III,WR,td_recepcion,0.21,,,0.19,2026-08-12 17:39
2026,1,2026-09-13,CHI @ CAR,CHI,CAR,0,00-0036290,Cole Kmet,TE,yardas_recepcion,20.29,1.06,38.36,,2026-08-12 17:39
2026,1,2026-09-13,CHI @ CAR,CHI,CAR,0,00-0036290,Cole Kmet,TE,recepciones,2.15,,,0.88,2026-08-12 17:39
2026,1,2026-09-13,CHI @ CAR,CHI,CAR,0,00-0036290,Cole Kmet,TE,td_recepcion,0.11,,,0.11,2026-08-12 17:39
2026,1,2026-09-13,CHI @ CAR,CHI,CAR,0,00-0040236,Kyle Monangai,RB,yardas_tierra,33.31,4.93,54.18,,2026-08-12 17:39
2026,1,2026-09-13,CHI @ CAR,CHI,CAR,0,00-0040236,Kyle Monangai,RB,td_tierra,0.26,,,0.23,2026-08-12 17:39
2026,1,2026-09-13,CHI @ CAR,CHI,CAR,0,00-0040236,Kyle Monangai,RB,yardas_recepcion,20.68,0.18,40.07,,2026-08-12 17:39
2026,1,2026-09-13,CHI @ CAR,CHI,CAR,0,00-0040236,Kyle Monangai,RB,recepciones,2.04,,,0.87,2026-08-12 17:39
2026,1,2026-09-13,CHI @ CAR,CHI,CAR,0,00-0040236,Kyle Monangai,RB,td_recepcion,0.11,,,0.11,2026-08-12 17:39
2026,1,2026-09-13,CHI @ CAR,CHI,CAR,0,00-0032464,Kalif Raymond,WR,yardas_recepcion,20.64,0.04,41.03,,2026-08-12 17:39
2026,1,2026-09-13,CHI @ CAR,CHI,CAR,0,00-0032464,Kalif Raymond,WR,recepciones,1.64,,,0.81,2026-08-12 17:39
2026,1,2026-09-13,CHI @ CAR,CHI,CAR,0,00-0032464,Kalif Raymond,WR,td_recepcion,0.14,,,0.13,2026-08-12 17:39
2026,1,2026-09-13,TB @ CIN,CIN,TB,1,00-0036900,Ja'Marr Chase,WR,yardas_recepcion,79.29,37.48,117.6,,2026-08-12 17:39
2026,1,2026-09-13,TB @ CIN,CIN,TB,1,00-0036900,Ja'Marr Chase,WR,recepciones,6.76,,,1.0,2026-08-12 17:39
2026,1,2026-09-13,TB @ CIN,CIN,TB,1,00-0036900,Ja'Marr Chase,WR,td_recepcion,0.48,,,0.38,2026-08-12 17:39
2026,1,2026-09-13,TB @ CIN,CIN,TB,1,00-0036442,Joe Burrow,QB,yardas_pase,251.57,161.7,335.81,,2026-08-12 17:39
2026,1,2026-09-13,TB @ CIN,CIN,TB,1,00-0036442,Joe Burrow,QB,td_pase,2.08,,,0.87,2026-08-12 17:39
2026,1,2026-09-13,TB @ CIN,CIN,TB,1,00-0036442,Joe Burrow,QB,intercepciones,0.77,,,0.54,2026-08-12 17:39
2026,1,2026-09-13,TB @ CIN,CIN,TB,1,00-0036442,Joe Burrow,QB,yardas_tierra,7.92,0.0,19.25,,2026-08-12 17:39
2026,1,2026-09-13,TB @ CIN,CIN,TB,1,00-0036442,Joe Burrow,QB,td_tierra,0.08,,,0.07,2026-08-12 17:39
2026,1,2026-09-13,TB @ CIN,CIN,TB,1,00-0034829,Mike Gesicki,TE,yardas_recepcion,25.31,0.4,47.52,,2026-08-12 17:39
2026,1,2026-09-13,TB @ CIN,CIN,TB,1,00-0034829,Mike Gesicki,TE,recepciones,1.91,,,0.85,2026-08-12 17:39
2026,1,2026-09-13,TB @ CIN,CIN,TB,1,00-0034829,Mike Gesicki,TE,td_recepcion,0.21,,,0.19,2026-08-12 17:39
2026,1,2026-09-13,TB @ CIN,CIN,TB,1,00-0038597,Chase Brown,RB,yardas_tierra,57.01,28.71,90.81,,2026-08-12 17:39
2026,1,2026-09-13,TB @ CIN,CIN,TB,1,00-0038597,Chase Brown,RB,td_tierra,0.55,,,0.42,2026-08-12 17:39
2026,1,2026-09-13,TB @ CIN,CIN,TB,1,00-0038597,Chase Brown,RB,yardas_recepcion,26.91,4.27,47.63,,2026-08-12 17:39
2026,1,2026-09-13,TB @ CIN,CIN,TB,1,00-0038597,Chase Brown,RB,recepciones,3.39,,,0.97,2026-08-12 17:39
2026,1,2026-09-13,TB @ CIN,CIN,TB,1,00-0038597,Chase Brown,RB,td_recepcion,0.23,,,0.2,2026-08-12 17:39
2026,1,2026-09-13,TB @ CIN,CIN,TB,1,00-0036410,Tee Higgins,WR,yardas_recepcion,59.45,16.68,92.19,,2026-08-12 17:39
2026,1,2026-09-13,TB @ CIN,CIN,TB,1,00-0036410,Tee Higgins,WR,recepciones,4.03,,,0.98,2026-08-12 17:39
2026,1,2026-09-13,TB @ CIN,CIN,TB,1,00-0036410,Tee Higgins,WR,td_recepcion,0.28,,,0.24,2026-08-12 17:39
2026,1,2026-09-13,TB @ CIN,CIN,TB,1,00-0035631,Drew Sample,TE,yardas_recepcion,19.34,0.12,37.59,,2026-08-12 17:39
2026,1,2026-09-13,TB @ CIN,CIN,TB,1,00-0035631,Drew Sample,TE,recepciones,2.07,,,0.87,2026-08-12 17:39
2026,1,2026-09-13,TB @ CIN,CIN,TB,1,00-0035631,Drew Sample,TE,td_recepcion,0.09,,,0.09,2026-08-12 17:39
2026,1,2026-09-13,TB @ CIN,CIN,TB,1,00-0033526,Samaje Perine,RB,yardas_tierra,37.58,6.45,54.37,,2026-08-12 17:39
2026,1,2026-09-13,TB @ CIN,CIN,TB,1,00-0033526,Samaje Perine,RB,td_tierra,0.23,,,0.2,2026-08-12 17:39
2026,1,2026-09-13,TB @ CIN,CIN,TB,1,00-0033526,Samaje Perine,RB,yardas_recepcion,12.29,0.0,25.56,,2026-08-12 17:39
2026,1,2026-09-13,TB @ CIN,CIN,TB,1,00-0033526,Samaje Perine,RB,recepciones,1.46,,,0.77,2026-08-12 17:39
2026,1,2026-09-13,TB @ CIN,CIN,TB,1,00-0033526,Samaje Perine,RB,td_recepcion,0.07,,,0.07,2026-08-12 17:39
2026,1,2026-09-13,TB @ CIN,CIN,TB,1,00-0038619,Andrei Iosivas,WR,yardas_recepcion,27.14,0.06,45.75,,2026-08-12 17:39
2026,1,2026-09-13,TB @ CIN,CIN,TB,1,00-0038619,Andrei Iosivas,WR,recepciones,2.14,,,0.88,2026-08-12 17:39
2026,1,2026-09-13,TB @ CIN,CIN,TB,1,00-0038619,Andrei Iosivas,WR,td_recepcion,0.1,,,0.1,2026-08-12 17:39
2026,1,2026-09-13,TB @ CIN,TB,CIN,0,00-0040129,Emeka Egbuka,WR,yardas_recepcion,33.56,8.95,58.53,,2026-08-12 17:39
2026,1,2026-09-13,TB @ CIN,TB,CIN,0,00-0040129,Emeka Egbuka,WR,recepciones,2.87,,,0.94,2026-08-12 17:39
2026,1,2026-09-13,TB @ CIN,TB,CIN,0,00-0040129,Emeka Egbuka,WR,td_recepcion,0.18,,,0.16,2026-08-12 17:39
2026,1,2026-09-13,TB @ CIN,TB,CIN,0,00-0034855,Baker Mayfield,QB,yardas_pase,209.42,133.92,288.34,,2026-08-12 17:39
2026,1,2026-09-13,TB @ CIN,TB,CIN,0,00-0034855,Baker Mayfield,QB,td_pase,1.39,,,0.75,2026-08-12 17:39
2026,1,2026-09-13,TB @ CIN,TB,CIN,0,00-0034855,Baker Mayfield,QB,intercepciones,0.52,,,0.4,2026-08-12 17:39
2026,1,2026-09-13,TB @ CIN,TB,CIN,0,00-0034855,Baker Mayfield,QB,yardas_tierra,20.74,3.06,36.03,,2026-08-12 17:39
2026,1,2026-09-13,TB @ CIN,TB,CIN,0,00-0034855,Baker Mayfield,QB,td_tierra,0.16,,,0.14,2026-08-12 17:39
2026,1,2026-09-13,TB @ CIN,TB,CIN,0,00-0038129,Cade Otton,TE,yardas_recepcion,47.4,9.61,73.54,,2026-08-12 17:39
2026,1,2026-09-13,TB @ CIN,TB,CIN,0,00-0038129,Cade Otton,TE,recepciones,3.53,,,0.97,2026-08-12 17:39
2026,1,2026-09-13,TB @ CIN,TB,CIN,0,00-0038129,Cade Otton,TE,td_recepcion,0.25,,,0.22,2026-08-12 17:39
2026,1,2026-09-13,TB @ CIN,TB,CIN,0,00-0039361,Bucky Irving,RB,yardas_tierra,71.59,28.2,106.75,,2026-08-12 17:39
2026,1,2026-09-13,TB @ CIN,TB,CIN,0,00-0039361,Bucky Irving,RB,td_tierra,0.57,,,0.44,2026-08-12 17:39
2026,1,2026-09-13,TB @ CIN,TB,CIN,0,00-0039361,Bucky Irving,RB,yardas_recepcion,16.62,0.0,34.0,,2026-08-12 17:39
2026,1,2026-09-13,TB @ CIN,TB,CIN,0,00-0039361,Bucky Irving,RB,recepciones,1.94,,,0.86,2026-08-12 17:39
2026,1,2026-09-13,TB @ CIN,TB,CIN,0,00-0039361,Bucky Irving,RB,td_recepcion,0.1,,,0.1,2026-08-12 17:39
2026,1,2026-09-13,TB @ CIN,TB,CIN,0,00-0033921,Chris Godwin Jr.,WR,yardas_recepcion,42.56,14.52,71.08,,2026-08-12 17:39
2026,1,2026-09-13,TB @ CIN,TB,CIN,0,00-0033921,Chris Godwin Jr.,WR,recepciones,3.94,,,0.98,2026-08-12 17:39
2026,1,2026-09-13,TB @ CIN,TB,CIN,0,00-0033921,Chris Godwin Jr.,WR,td_recepcion,0.27,,,0.23,2026-08-12 17:39
2026,1,2026-09-13,TB @ CIN,TB,CIN,0,00-0039050,Payne Durham,TE,yardas_recepcion,6.68,0.0,15.17,,2026-08-12 17:39
2026,1,2026-09-13,TB @ CIN,TB,CIN,0,00-0039050,Payne Durham,TE,recepciones,0.85,,,0.57,2026-08-12 17:39
2026,1,2026-09-13,TB @ CIN,TB,CIN,0,00-0039050,Payne Durham,TE,td_recepcion,0.05,,,0.05,2026-08-12 17:39
2026,1,2026-09-13,TB @ CIN,TB,CIN,0,00-0036919,Kenny Gainwell,RB,yardas_tierra,43.67,13.89,75.15,,2026-08-12 17:39
2026,1,2026-09-13,TB @ CIN,TB,CIN,0,00-0036919,Kenny Gainwell,RB,td_tierra,0.26,,,0.23,2026-08-12 17:39
2026,1,2026-09-13,TB @ CIN,TB,CIN,0,00-0036919,Kenny Gainwell,RB,yardas_recepcion,32.18,9.93,61.1,,2026-08-12 17:39
2026,1,2026-09-13,TB @ CIN,TB,CIN,0,00-0036919,Kenny Gainwell,RB,recepciones,4.27,,,0.99,2026-08-12 17:39
2026,1,2026-09-13,TB @ CIN,TB,CIN,0,00-0036919,Kenny Gainwell,RB,td_recepcion,0.21,,,0.19,2026-08-12 17:39
2026,1,2026-09-13,TB @ CIN,TB,CIN,0,00-0039855,Jalen McMillan,WR,yardas_recepcion,33.83,6.11,59.18,,2026-08-12 17:39
2026,1,2026-09-13,TB @ CIN,TB,CIN,0,00-0039855,Jalen McMillan,WR,recepciones,2.61,,,0.93,2026-08-12 17:39
2026,1,2026-09-13,TB @ CIN,TB,CIN,0,00-0039855,Jalen McMillan,WR,td_recepcion,0.22,,,0.19,2026-08-12 17:39
2026,1,2026-09-13,NO @ DET,DET,NO,1,00-0036963,Amon-Ra St. Brown,WR,yardas_recepcion,82.27,36.06,91.21,,2026-08-12 17:39
2026,1,2026-09-13,NO @ DET,DET,NO,1,00-0036963,Amon-Ra St. Brown,WR,recepciones,6.57,,,1.0,2026-08-12 17:39
2026,1,2026-09-13,NO @ DET,DET,NO,1,00-0036963,Amon-Ra St. Brown,WR,td_recepcion,0.52,,,0.41,2026-08-12 17:39
2026,1,2026-09-13,NO @ DET,DET,NO,1,00-0033106,Jared Goff,QB,yardas_pase,226.45,180.97,289.34,,2026-08-12 17:39
2026,1,2026-09-13,NO @ DET,DET,NO,1,00-0033106,Jared Goff,QB,td_pase,1.56,,,0.79,2026-08-12 17:39
2026,1,2026-09-13,NO @ DET,DET,NO,1,00-0033106,Jared Goff,QB,intercepciones,0.58,,,0.44,2026-08-12 17:39
2026,1,2026-09-13,NO @ DET,DET,NO,1,00-0033106,Jared Goff,QB,yardas_tierra,2.21,0.0,5.8,,2026-08-12 17:39
2026,1,2026-09-13,NO @ DET,DET,NO,1,00-0033106,Jared Goff,QB,td_tierra,0.06,,,0.05,2026-08-12 17:39
2026,1,2026-09-13,NO @ DET,DET,NO,1,00-0039065,Sam LaPorta,TE,yardas_recepcion,54.55,18.68,81.98,,2026-08-12 17:39
2026,1,2026-09-13,NO @ DET,DET,NO,1,00-0039065,Sam LaPorta,TE,recepciones,4.38,,,0.99,2026-08-12 17:39
2026,1,2026-09-13,NO @ DET,DET,NO,1,00-0039065,Sam LaPorta,TE,td_recepcion,0.36,,,0.3,2026-08-12 17:39
2026,1,2026-09-13,NO @ DET,DET,NO,1,00-0039139,Jahmyr Gibbs,RB,yardas_tierra,49.35,17.71,77.18,,2026-08-12 17:39
2026,1,2026-09-13,NO @ DET,DET,NO,1,00-0039139,Jahmyr Gibbs,RB,td_tierra,0.44,,,0.36,2026-08-12 17:39
2026,1,2026-09-13,NO @ DET,DET,NO,1,00-0039139,Jahmyr Gibbs,RB,yardas_recepcion,34.16,12.34,62.44,,2026-08-12 17:39
2026,1,2026-09-13,NO @ DET,DET,NO,1,00-0039139,Jahmyr Gibbs,RB,recepciones,4.23,,,0.99,2026-08-12 17:39
2026,1,2026-09-13,NO @ DET,DET,NO,1,00-0039139,Jahmyr Gibbs,RB,td_recepcion,0.23,,,0.21,2026-08-12 17:39
2026,1,2026-09-13,NO @ DET,DET,NO,1,00-0037240,Jameson Williams,WR,yardas_recepcion,61.3,22.47,95.71,,2026-08-12 17:39
2026,1,2026-09-13,NO @ DET,DET,NO,1,00-0037240,Jameson Williams,WR,recepciones,4.75,,,0.99,2026-08-12 17:39
2026,1,2026-09-13,NO @ DET,DET,NO,1,00-0037240,Jameson Williams,WR,td_recepcion,0.37,,,0.31,2026-08-12 17:39
2026,1,2026-09-13,NO @ DET,DET,NO,1,00-0036754,Brock Wright,TE,yardas_recepcion,18.55,1.21,38.97,,2026-08-12 17:39
2026,1,2026-09-13,NO @ DET,DET,NO,1,00-0036754,Brock Wright,TE,recepciones,2.06,,,0.87,2026-08-12 17:39
2026,1,2026-09-13,NO @ DET,DET,NO,1,00-0036754,Brock Wright,TE,td_recepcion,0.17,,,0.15,2026-08-12 17:39
2026,1,2026-09-13,NO @ DET,DET,NO,1,00-0037197,Isiah Pacheco,RB,yardas_tierra,30.76,8.57,47.93,,2026-08-12 17:39
2026,1,2026-09-13,NO @ DET,DET,NO,1,00-0037197,Isiah Pacheco,RB,td_tierra,0.18,,,0.17,2026-08-12 17:39
2026,1,2026-09-13,NO @ DET,DET,NO,1,00-0037197,Isiah Pacheco,RB,yardas_recepcion,12.3,0.0,26.89,,2026-08-12 17:39
2026,1,2026-09-13,NO @ DET,DET,NO,1,00-0037197,Isiah Pacheco,RB,recepciones,1.37,,,0.75,2026-08-12 17:39
2026,1,2026-09-13,NO @ DET,DET,NO,1,00-0037197,Isiah Pacheco,RB,td_recepcion,0.07,,,0.07,2026-08-12 17:39
2026,1,2026-09-13,NO @ DET,DET,NO,1,00-0040669,Isaac TeSlaa,WR,yardas_recepcion,23.09,1.27,44.02,,2026-08-12 17:39
2026,1,2026-09-13,NO @ DET,DET,NO,1,00-0040669,Isaac TeSlaa,WR,recepciones,2.0,,,0.87,2026-08-12 17:39
2026,1,2026-09-13,NO @ DET,DET,NO,1,00-0040669,Isaac TeSlaa,WR,td_recepcion,0.24,,,0.21,2026-08-12 17:39
2026,1,2026-09-13,NO @ DET,NO,DET,0,00-0037239,Chris Olave,WR,yardas_recepcion,75.67,30.76,107.6,,2026-08-12 17:39
2026,1,2026-09-13,NO @ DET,NO,DET,0,00-0037239,Chris Olave,WR,recepciones,5.84,,,1.0,2026-08-12 17:39
2026,1,2026-09-13,NO @ DET,NO,DET,0,00-0037239,Chris Olave,WR,td_recepcion,0.52,,,0.41,2026-08-12 17:39
2026,1,2026-09-13,NO @ DET,NO,DET,0,00-0040743,Tyler Shough,QB,yardas_pase,224.89,159.13,323.1,,2026-08-12 17:39
2026,1,2026-09-13,NO @ DET,NO,DET,0,00-0040743,Tyler Shough,QB,td_pase,1.43,,,0.76,2026-08-12 17:39
2026,1,2026-09-13,NO @ DET,NO,DET,0,00-0040743,Tyler Shough,QB,intercepciones,0.61,,,0.46,2026-08-12 17:39
2026,1,2026-09-13,NO @ DET,NO,DET,0,00-0040743,Tyler Shough,QB,yardas_tierra,23.32,4.21,39.64,,2026-08-12 17:39
2026,1,2026-09-13,NO @ DET,NO,DET,0,00-0040743,Tyler Shough,QB,td_tierra,0.25,,,0.22,2026-08-12 17:39
2026,1,2026-09-13,NO @ DET,NO,DET,0,00-0036040,Juwan Johnson,TE,yardas_recepcion,45.43,13.14,79.43,,2026-08-12 17:39
2026,1,2026-09-13,NO @ DET,NO,DET,0,00-0036040,Juwan Johnson,TE,recepciones,3.42,,,0.97,2026-08-12 17:39
2026,1,2026-09-13,NO @ DET,NO,DET,0,00-0036040,Juwan Johnson,TE,td_recepcion,0.23,,,0.2,2026-08-12 17:39
2026,1,2026-09-13,NO @ DET,NO,DET,0,00-0036973,Travis Etienne Jr.,RB,yardas_tierra,58.15,22.33,92.03,,2026-08-12 17:39
2026,1,2026-09-13,NO @ DET,NO,DET,0,00-0036973,Travis Etienne Jr.,RB,td_tierra,0.54,,,0.42,2026-08-12 17:39
2026,1,2026-09-13,NO @ DET,NO,DET,0,00-0036973,Travis Etienne Jr.,RB,yardas_recepcion,26.86,4.48,51.89,,2026-08-12 17:39
2026,1,2026-09-13,NO @ DET,NO,DET,0,00-0036973,Travis Etienne Jr.,RB,recepciones,2.66,,,0.93,2026-08-12 17:39
2026,1,2026-09-13,NO @ DET,NO,DET,0,00-0036973,Travis Etienne Jr.,RB,td_recepcion,0.23,,,0.2,2026-08-12 17:39
2026,1,2026-09-13,NO @ DET,NO,DET,0,00-0035644,Noah Fant,TE,yardas_recepcion,9.95,0.0,18.46,,2026-08-12 17:39
2026,1,2026-09-13,NO @ DET,NO,DET,0,00-0035644,Noah Fant,TE,recepciones,1.16,,,0.69,2026-08-12 17:39
2026,1,2026-09-13,NO @ DET,NO,DET,0,00-0035644,Noah Fant,TE,td_recepcion,0.06,,,0.05,2026-08-12 17:39
2026,1,2026-09-13,NO @ DET,NO,DET,0,00-0033906,Alvin Kamara,RB,yardas_tierra,38.84,11.9,70.89,,2026-08-12 17:39
2026,1,2026-09-13,NO @ DET,NO,DET,0,00-0033906,Alvin Kamara,RB,td_tierra,0.31,,,0.27,2026-08-12 17:39
2026,1,2026-09-13,NO @ DET,NO,DET,0,00-0033906,Alvin Kamara,RB,yardas_recepcion,18.01,0.01,36.07,,2026-08-12 17:39
2026,1,2026-09-13,NO @ DET,NO,DET,0,00-0033906,Alvin Kamara,RB,recepciones,2.18,,,0.89,2026-08-12 17:39
2026,1,2026-09-13,NO @ DET,NO,DET,0,00-0033906,Alvin Kamara,RB,td_recepcion,0.09,,,0.08,2026-08-12 17:39
2026,1,2026-09-13,NO @ DET,NO,DET,0,00-0039424,Devaughn Vele,WR,yardas_recepcion,46.18,15.06,80.08,,2026-08-12 17:39
2026,1,2026-09-13,NO @ DET,NO,DET,0,00-0039424,Devaughn Vele,WR,recepciones,3.9,,,0.98,2026-08-12 17:39
2026,1,2026-09-13,NO @ DET,NO,DET,0,00-0039424,Devaughn Vele,WR,td_recepcion,0.33,,,0.28,2026-08-12 17:39
2026,1,2026-09-13,BUF @ HOU,HOU,BUF,1,00-0036554,Nico Collins,WR,yardas_recepcion,53.97,17.08,93.04,,2026-08-12 17:39
2026,1,2026-09-13,BUF @ HOU,HOU,BUF,1,00-0036554,Nico Collins,WR,recepciones,3.3,,,0.96,2026-08-12 17:39
2026,1,2026-09-13,BUF @ HOU,HOU,BUF,1,00-0036554,Nico Collins,WR,td_recepcion,0.25,,,0.22,2026-08-12 17:39
2026,1,2026-09-13,BUF @ HOU,HOU,BUF,1,00-0039163,C.J. Stroud,QB,yardas_pase,218.78,137.59,297.09,,2026-08-12 17:39
2026,1,2026-09-13,BUF @ HOU,HOU,BUF,1,00-0039163,C.J. Stroud,QB,td_pase,1.8,,,0.83,2026-08-12 17:39
2026,1,2026-09-13,BUF @ HOU,HOU,BUF,1,00-0039163,C.J. Stroud,QB,intercepciones,0.69,,,0.5,2026-08-12 17:39
2026,1,2026-09-13,BUF @ HOU,HOU,BUF,1,00-0039163,C.J. Stroud,QB,yardas_tierra,6.3,0.0,13.74,,2026-08-12 17:39
2026,1,2026-09-13,BUF @ HOU,HOU,BUF,1,00-0039163,C.J. Stroud,QB,td_tierra,0.11,,,0.11,2026-08-12 17:39
2026,1,2026-09-13,BUF @ HOU,HOU,BUF,1,00-0034383,Dalton Schultz,TE,yardas_recepcion,32.8,5.23,53.52,,2026-08-12 17:39
2026,1,2026-09-13,BUF @ HOU,HOU,BUF,1,00-0034383,Dalton Schultz,TE,recepciones,2.69,,,0.93,2026-08-12 17:39
2026,1,2026-09-13,BUF @ HOU,HOU,BUF,1,00-0034383,Dalton Schultz,TE,td_recepcion,0.18,,,0.16,2026-08-12 17:39
2026,1,2026-09-13,BUF @ HOU,HOU,BUF,1,00-0035685,David Montgomery,RB,yardas_tierra,32.28,3.29,59.3,,2026-08-12 17:39
2026,1,2026-09-13,BUF @ HOU,HOU,BUF,1,00-0035685,David Montgomery,RB,td_tierra,0.18,,,0.16,2026-08-12 17:39
2026,1,2026-09-13,BUF @ HOU,HOU,BUF,1,00-0035685,David Montgomery,RB,yardas_recepcion,7.55,0.0,13.72,,2026-08-12 17:39
2026,1,2026-09-13,BUF @ HOU,HOU,BUF,1,00-0035685,David Montgomery,RB,recepciones,0.86,,,0.58,2026-08-12 17:39
2026,1,2026-09-13,BUF @ HOU,HOU,BUF,1,00-0035685,David Montgomery,RB,td_recepcion,0.07,,,0.07,2026-08-12 17:39
2026,1,2026-09-13,BUF @ HOU,HOU,BUF,1,00-0040130,Jayden Higgins,WR,yardas_recepcion,43.24,7.72,76.24,,2026-08-12 17:39
2026,1,2026-09-13,BUF @ HOU,HOU,BUF,1,00-0040130,Jayden Higgins,WR,recepciones,2.59,,,0.93,2026-08-12 17:39
2026,1,2026-09-13,BUF @ HOU,HOU,BUF,1,00-0040130,Jayden Higgins,WR,td_recepcion,0.31,,,0.27,2026-08-12 17:39
2026,1,2026-09-13,BUF @ HOU,HOU,BUF,1,00-0034981,Foster Moreau,TE,yardas_recepcion,10.99,0.0,24.52,,2026-08-12 17:39
2026,1,2026-09-13,BUF @ HOU,HOU,BUF,1,00-0034981,Foster Moreau,TE,recepciones,1.17,,,0.69,2026-08-12 17:39
2026,1,2026-09-13,BUF @ HOU,HOU,BUF,1,00-0034981,Foster Moreau,TE,td_recepcion,0.09,,,0.08,2026-08-12 17:39
2026,1,2026-09-13,BUF @ HOU,HOU,BUF,1,00-0040583,Woody Marks,RB,yardas_tierra,47.87,20.2,86.29,,2026-08-12 17:39
2026,1,2026-09-13,BUF @ HOU,HOU,BUF,1,00-0040583,Woody Marks,RB,td_tierra,0.41,,,0.34,2026-08-12 17:39
2026,1,2026-09-13,BUF @ HOU,HOU,BUF,1,00-0040583,Woody Marks,RB,yardas_recepcion,13.93,0.0,27.89,,2026-08-12 17:39
2026,1,2026-09-13,BUF @ HOU,HOU,BUF,1,00-0040583,Woody Marks,RB,recepciones,1.56,,,0.79,2026-08-12 17:39
2026,1,2026-09-13,BUF @ HOU,HOU,BUF,1,00-0040583,Woody Marks,RB,td_recepcion,0.08,,,0.07,2026-08-12 17:39
2026,1,2026-09-13,BUF @ HOU,HOU,BUF,1,00-0038618,Xavier Hutchinson,WR,yardas_recepcion,38.65,11.67,66.01,,2026-08-12 17:39
2026,1,2026-09-13,BUF @ HOU,HOU,BUF,1,00-0038618,Xavier Hutchinson,WR,recepciones,2.9,,,0.95,2026-08-12 17:39
2026,1,2026-09-13,BUF @ HOU,HOU,BUF,1,00-0038618,Xavier Hutchinson,WR,td_recepcion,0.22,,,0.19,2026-08-12 17:39
2026,1,2026-09-13,BUF @ HOU,BUF,HOU,0,00-0034827,DJ Moore,WR,yardas_recepcion,43.17,12.83,70.56,,2026-08-12 17:39
2026,1,2026-09-13,BUF @ HOU,BUF,HOU,0,00-0034827,DJ Moore,WR,recepciones,3.64,,,0.97,2026-08-12 17:39
2026,1,2026-09-13,BUF @ HOU,BUF,HOU,0,00-0034827,DJ Moore,WR,td_recepcion,0.31,,,0.27,2026-08-12 17:39
2026,1,2026-09-13,BUF @ HOU,BUF,HOU,0,00-0034857,Josh Allen,QB,yardas_pase,229.68,149.42,296.32,,2026-08-12 17:39
2026,1,2026-09-13,BUF @ HOU,BUF,HOU,0,00-0034857,Josh Allen,QB,td_pase,1.25,,,0.71,2026-08-12 17:39
2026,1,2026-09-13,BUF @ HOU,BUF,HOU,0,00-0034857,Josh Allen,QB,intercepciones,0.65,,,0.48,2026-08-12 17:39
2026,1,2026-09-13,BUF @ HOU,BUF,HOU,0,00-0034857,Josh Allen,QB,yardas_tierra,39.39,13.34,62.88,,2026-08-12 17:39
2026,1,2026-09-13,BUF @ HOU,BUF,HOU,0,00-0034857,Josh Allen,QB,td_tierra,0.68,,,0.5,2026-08-12 17:39
2026,1,2026-09-13,BUF @ HOU,BUF,HOU,0,00-0038933,Dalton Kincaid,TE,yardas_recepcion,27.71,3.42,48.2,,2026-08-12 17:39
2026,1,2026-09-13,BUF @ HOU,BUF,HOU,0,00-0038933,Dalton Kincaid,TE,recepciones,2.35,,,0.9,2026-08-12 17:39
2026,1,2026-09-13,BUF @ HOU,BUF,HOU,0,00-0038933,Dalton Kincaid,TE,td_recepcion,0.18,,,0.17,2026-08-12 17:39
2026,1,2026-09-13,BUF @ HOU,BUF,HOU,0,00-0037248,James Cook III,RB,yardas_tierra,55.06,25.06,92.83,,2026-08-12 17:39
2026,1,2026-09-13,BUF @ HOU,BUF,HOU,0,00-0037248,James Cook III,RB,td_tierra,0.39,,,0.33,2026-08-12 17:39
2026,1,2026-09-13,BUF @ HOU,BUF,HOU,0,00-0037248,James Cook III,RB,yardas_recepcion,14.62,0.0,29.94,,2026-08-12 17:39
2026,1,2026-09-13,BUF @ HOU,BUF,HOU,0,00-0037248,James Cook III,RB,recepciones,1.61,,,0.8,2026-08-12 17:39
2026,1,2026-09-13,BUF @ HOU,BUF,HOU,0,00-0037248,James Cook III,RB,td_recepcion,0.08,,,0.08,2026-08-12 17:39
2026,1,2026-09-13,BUF @ HOU,BUF,HOU,0,00-0037261,Khalil Shakir,WR,yardas_recepcion,51.22,20.2,92.14,,2026-08-12 17:39
2026,1,2026-09-13,BUF @ HOU,BUF,HOU,0,00-0037261,Khalil Shakir,WR,recepciones,5.27,,,0.99,2026-08-12 17:39
2026,1,2026-09-13,BUF @ HOU,BUF,HOU,0,00-0037261,Khalil Shakir,WR,td_recepcion,0.3,,,0.26,2026-08-12 17:39
2026,1,2026-09-13,BUF @ HOU,BUF,HOU,0,00-0035689,Dawson Knox,TE,yardas_recepcion,23.0,1.69,42.08,,2026-08-12 17:39
2026,1,2026-09-13,BUF @ HOU,BUF,HOU,0,00-0035689,Dawson Knox,TE,recepciones,2.36,,,0.91,2026-08-12 17:39
2026,1,2026-09-13,BUF @ HOU,BUF,HOU,0,00-0035689,Dawson Knox,TE,td_recepcion,0.15,,,0.14,2026-08-12 17:39
2026,1,2026-09-13,BUF @ HOU,BUF,HOU,0,00-0039875,Ray Davis,RB,yardas_tierra,26.63,5.9,38.4,,2026-08-12 17:39
2026,1,2026-09-13,BUF @ HOU,BUF,HOU,0,00-0039875,Ray Davis,RB,td_tierra,0.12,,,0.11,2026-08-12 17:39
2026,1,2026-09-13,BUF @ HOU,BUF,HOU,0,00-0039875,Ray Davis,RB,yardas_recepcion,14.44,0.0,31.0,,2026-08-12 17:39
2026,1,2026-09-13,BUF @ HOU,BUF,HOU,0,00-0039875,Ray Davis,RB,recepciones,1.23,,,0.71,2026-08-12 17:39
2026,1,2026-09-13,BUF @ HOU,BUF,HOU,0,00-0039875,Ray Davis,RB,td_recepcion,0.09,,,0.09,2026-08-12 17:39
2026,1,2026-09-13,BUF @ HOU,BUF,HOU,0,00-0039901,Keon Coleman,WR,yardas_recepcion,19.01,0.24,38.29,,2026-08-12 17:39
2026,1,2026-09-13,BUF @ HOU,BUF,HOU,0,00-0039901,Keon Coleman,WR,recepciones,1.65,,,0.81,2026-08-12 17:39
2026,1,2026-09-13,BUF @ HOU,BUF,HOU,0,00-0039901,Keon Coleman,WR,td_recepcion,0.12,,,0.12,2026-08-12 17:39
2026,1,2026-09-13,BAL @ IND,IND,BAL,1,00-0037664,Alec Pierce,WR,yardas_recepcion,54.21,14.05,86.96,,2026-08-12 17:39
2026,1,2026-09-13,BAL @ IND,IND,BAL,1,00-0037664,Alec Pierce,WR,recepciones,3.32,,,0.96,2026-08-12 17:39
2026,1,2026-09-13,BAL @ IND,IND,BAL,1,00-0037664,Alec Pierce,WR,td_recepcion,0.52,,,0.4,2026-08-12 17:39
2026,1,2026-09-13,BAL @ IND,IND,BAL,1,00-0035710,Daniel Jones,QB,yardas_pase,215.92,118.32,310.06,,2026-08-12 17:39
2026,1,2026-09-13,BAL @ IND,IND,BAL,1,00-0035710,Daniel Jones,QB,td_pase,1.29,,,0.73,2026-08-12 17:39
2026,1,2026-09-13,BAL @ IND,IND,BAL,1,00-0035710,Daniel Jones,QB,intercepciones,0.79,,,0.54,2026-08-12 17:39
2026,1,2026-09-13,BAL @ IND,IND,BAL,1,00-0035710,Daniel Jones,QB,yardas_tierra,14.18,0.53,29.26,,2026-08-12 17:39
2026,1,2026-09-13,BAL @ IND,IND,BAL,1,00-0035710,Daniel Jones,QB,td_tierra,0.12,,,0.11,2026-08-12 17:39
2026,1,2026-09-13,BAL @ IND,IND,BAL,1,00-0040128,Tyler Warren,TE,yardas_recepcion,51.72,12.9,76.18,,2026-08-12 17:39
2026,1,2026-09-13,BAL @ IND,IND,BAL,1,00-0040128,Tyler Warren,TE,recepciones,4.21,,,0.99,2026-08-12 17:39
2026,1,2026-09-13,BAL @ IND,IND,BAL,1,00-0040128,Tyler Warren,TE,td_recepcion,0.26,,,0.23,2026-08-12 17:39
2026,1,2026-09-13,BAL @ IND,IND,BAL,1,00-0036223,Jonathan Taylor,RB,yardas_tierra,96.75,29.08,108.43,,2026-08-12 17:39
2026,1,2026-09-13,BAL @ IND,IND,BAL,1,00-0036223,Jonathan Taylor,RB,td_tierra,0.5,,,0.39,2026-08-12 17:39
2026,1,2026-09-13,BAL @ IND,IND,BAL,1,00-0036223,Jonathan Taylor,RB,yardas_recepcion,20.66,1.42,41.7,,2026-08-12 17:39
2026,1,2026-09-13,BAL @ IND,IND,BAL,1,00-0036223,Jonathan Taylor,RB,recepciones,2.58,,,0.92,2026-08-12 17:39
2026,1,2026-09-13,BAL @ IND,IND,BAL,1,00-0036223,Jonathan Taylor,RB,td_recepcion,0.11,,,0.11,2026-08-12 17:39
2026,1,2026-09-13,BAL @ IND,IND,BAL,1,00-0038997,Josh Downs,WR,yardas_recepcion,40.43,9.87,70.91,,2026-08-12 17:39
2026,1,2026-09-13,BAL @ IND,IND,BAL,1,00-0038997,Josh Downs,WR,recepciones,3.54,,,0.97,2026-08-12 17:39
2026,1,2026-09-13,BAL @ IND,IND,BAL,1,00-0038997,Josh Downs,WR,td_recepcion,0.23,,,0.21,2026-08-12 17:39
2026,1,2026-09-13,BAL @ IND,IND,BAL,1,00-0033217,Mo Alie-Cox,TE,yardas_recepcion,15.88,0.0,33.12,,2026-08-12 17:39
2026,1,2026-09-13,BAL @ IND,IND,BAL,1,00-0033217,Mo Alie-Cox,TE,recepciones,1.86,,,0.84,2026-08-12 17:39
2026,1,2026-09-13,BAL @ IND,IND,BAL,1,00-0033217,Mo Alie-Cox,TE,td_recepcion,0.09,,,0.09,2026-08-12 17:39
2026,1,2026-09-13,BAL @ IND,IND,BAL,1,00-0035021,Ashton Dulin,WR,yardas_recepcion,7.36,0.0,15.85,,2026-08-12 17:39
2026,1,2026-09-13,BAL @ IND,IND,BAL,1,00-0035021,Ashton Dulin,WR,recepciones,0.67,,,0.49,2026-08-12 17:39
2026,1,2026-09-13,BAL @ IND,IND,BAL,1,00-0035021,Ashton Dulin,WR,td_recepcion,0.03,,,0.03,2026-08-12 17:39
2026,1,2026-09-13,BAL @ IND,BAL,IND,0,00-0039064,Zay Flowers,WR,yardas_recepcion,69.42,27.02,107.96,,2026-08-12 17:39
2026,1,2026-09-13,BAL @ IND,BAL,IND,0,00-0039064,Zay Flowers,WR,recepciones,5.14,,,0.99,2026-08-12 17:39
2026,1,2026-09-13,BAL @ IND,BAL,IND,0,00-0039064,Zay Flowers,WR,td_recepcion,0.52,,,0.4,2026-08-12 17:39
2026,1,2026-09-13,BAL @ IND,BAL,IND,0,00-0034796,Lamar Jackson,QB,yardas_pase,145.84,97.31,247.18,,2026-08-12 17:39
2026,1,2026-09-13,BAL @ IND,BAL,IND,0,00-0034796,Lamar Jackson,QB,td_pase,1.03,,,0.64,2026-08-12 17:39
2026,1,2026-09-13,BAL @ IND,BAL,IND,0,00-0034796,Lamar Jackson,QB,intercepciones,0.59,,,0.44,2026-08-12 17:39
2026,1,2026-09-13,BAL @ IND,BAL,IND,0,00-0034796,Lamar Jackson,QB,yardas_tierra,19.35,1.72,36.82,,2026-08-12 17:39
2026,1,2026-09-13,BAL @ IND,BAL,IND,0,00-0034796,Lamar Jackson,QB,td_tierra,0.16,,,0.14,2026-08-12 17:39
2026,1,2026-09-13,BAL @ IND,BAL,IND,0,00-0034753,Mark Andrews,TE,yardas_recepcion,26.53,4.25,52.12,,2026-08-12 17:39
2026,1,2026-09-13,BAL @ IND,BAL,IND,0,00-0034753,Mark Andrews,TE,recepciones,2.39,,,0.91,2026-08-12 17:39
2026,1,2026-09-13,BAL @ IND,BAL,IND,0,00-0034753,Mark Andrews,TE,td_recepcion,0.09,,,0.09,2026-08-12 17:39
2026,1,2026-09-13,BAL @ IND,BAL,IND,0,00-0032764,Derrick Henry,RB,yardas_tierra,132.17,55.05,161.99,,2026-08-12 17:39
2026,1,2026-09-13,BAL @ IND,BAL,IND,0,00-0032764,Derrick Henry,RB,td_tierra,0.77,,,0.54,2026-08-12 17:39
2026,1,2026-09-13,BAL @ IND,BAL,IND,0,00-0032764,Derrick Henry,RB,yardas_recepcion,9.72,0.05,29.0,,2026-08-12 17:39
2026,1,2026-09-13,BAL @ IND,BAL,IND,0,00-0032764,Derrick Henry,RB,recepciones,1.18,,,0.69,2026-08-12 17:39
2026,1,2026-09-13,BAL @ IND,BAL,IND,0,00-0032764,Derrick Henry,RB,td_recepcion,0.04,,,0.04,2026-08-12 17:39
2026,1,2026-09-13,BAL @ IND,BAL,IND,0,00-0036550,Rashod Bateman,WR,yardas_recepcion,16.96,0.55,35.41,,2026-08-12 17:39
2026,1,2026-09-13,BAL @ IND,BAL,IND,0,00-0036550,Rashod Bateman,WR,recepciones,1.69,,,0.82,2026-08-12 17:39
2026,1,2026-09-13,BAL @ IND,BAL,IND,0,00-0036550,Rashod Bateman,WR,td_recepcion,0.1,,,0.09,2026-08-12 17:39
2026,1,2026-09-13,BAL @ IND,BAL,IND,0,00-0034798,Durham Smythe,TE,yardas_recepcion,7.12,0.12,15.96,,2026-08-12 17:39
2026,1,2026-09-13,BAL @ IND,BAL,IND,0,00-0034798,Durham Smythe,TE,recepciones,0.83,,,0.56,2026-08-12 17:39
2026,1,2026-09-13,BAL @ IND,BAL,IND,0,00-0034798,Durham Smythe,TE,td_recepcion,0.05,,,0.05,2026-08-12 17:39
2026,1,2026-09-13,BAL @ IND,BAL,IND,0,00-0034975,Justice Hill,RB,yardas_tierra,7.36,0.09,15.55,,2026-08-12 17:39
2026,1,2026-09-13,BAL @ IND,BAL,IND,0,00-0034975,Justice Hill,RB,td_tierra,0.06,,,0.06,2026-08-12 17:39
2026,1,2026-09-13,BAL @ IND,BAL,IND,0,00-0034975,Justice Hill,RB,yardas_recepcion,12.69,0.0,27.42,,2026-08-12 17:39
2026,1,2026-09-13,BAL @ IND,BAL,IND,0,00-0034975,Justice Hill,RB,recepciones,1.47,,,0.77,2026-08-12 17:39
2026,1,2026-09-13,BAL @ IND,BAL,IND,0,00-0034975,Justice Hill,RB,td_recepcion,0.07,,,0.07,2026-08-12 17:39
2026,1,2026-09-13,BAL @ IND,BAL,IND,0,00-0039792,Devontez Walker,WR,yardas_recepcion,12.61,0.0,26.45,,2026-08-12 17:39
2026,1,2026-09-13,BAL @ IND,BAL,IND,0,00-0039792,Devontez Walker,WR,recepciones,1.06,,,0.65,2026-08-12 17:39
2026,1,2026-09-13,BAL @ IND,BAL,IND,0,00-0039792,Devontez Walker,WR,td_recepcion,0.09,,,0.09,2026-08-12 17:39
2026,1,2026-09-13,CLE @ JAX,JAX,CLE,1,00-0039893,Brian Thomas Jr.,WR,yardas_recepcion,38.9,8.97,65.95,,2026-08-12 17:39
2026,1,2026-09-13,CLE @ JAX,JAX,CLE,1,00-0039893,Brian Thomas Jr.,WR,recepciones,3.04,,,0.95,2026-08-12 17:39
2026,1,2026-09-13,CLE @ JAX,JAX,CLE,1,00-0039893,Brian Thomas Jr.,WR,td_recepcion,0.23,,,0.21,2026-08-12 17:39
2026,1,2026-09-13,CLE @ JAX,JAX,CLE,1,00-0036971,Trevor Lawrence,QB,yardas_pase,238.97,155.76,301.33,,2026-08-12 17:39
2026,1,2026-09-13,CLE @ JAX,JAX,CLE,1,00-0036971,Trevor Lawrence,QB,td_pase,1.89,,,0.85,2026-08-12 17:39
2026,1,2026-09-13,CLE @ JAX,JAX,CLE,1,00-0036971,Trevor Lawrence,QB,intercepciones,0.85,,,0.57,2026-08-12 17:39
2026,1,2026-09-13,CLE @ JAX,JAX,CLE,1,00-0036971,Trevor Lawrence,QB,yardas_tierra,25.78,4.28,48.78,,2026-08-12 17:39
2026,1,2026-09-13,CLE @ JAX,JAX,CLE,1,00-0036971,Trevor Lawrence,QB,td_tierra,0.32,,,0.28,2026-08-12 17:39
2026,1,2026-09-13,CLE @ JAX,JAX,CLE,1,00-0038935,Brenton Strange,TE,yardas_recepcion,36.96,9.51,62.68,,2026-08-12 17:39
2026,1,2026-09-13,CLE @ JAX,JAX,CLE,1,00-0038935,Brenton Strange,TE,recepciones,3.26,,,0.96,2026-08-12 17:39
2026,1,2026-09-13,CLE @ JAX,JAX,CLE,1,00-0038935,Brenton Strange,TE,td_recepcion,0.28,,,0.24,2026-08-12 17:39
2026,1,2026-09-13,CLE @ JAX,JAX,CLE,1,00-0040719,Bhayshul Tuten,RB,yardas_tierra,21.66,0.63,46.55,,2026-08-12 17:39
2026,1,2026-09-13,CLE @ JAX,JAX,CLE,1,00-0040719,Bhayshul Tuten,RB,td_tierra,0.21,,,0.19,2026-08-12 17:39
2026,1,2026-09-13,CLE @ JAX,JAX,CLE,1,00-0040719,Bhayshul Tuten,RB,yardas_recepcion,5.49,0.0,9.07,,2026-08-12 17:39
2026,1,2026-09-13,CLE @ JAX,JAX,CLE,1,00-0040719,Bhayshul Tuten,RB,recepciones,0.68,,,0.49,2026-08-12 17:39
2026,1,2026-09-13,CLE @ JAX,JAX,CLE,1,00-0040719,Bhayshul Tuten,RB,td_recepcion,0.05,,,0.05,2026-08-12 17:39
2026,1,2026-09-13,CLE @ JAX,JAX,CLE,1,00-0038606,Parker Washington,WR,yardas_recepcion,59.59,26.24,108.43,,2026-08-12 17:39
2026,1,2026-09-13,CLE @ JAX,JAX,CLE,1,00-0038606,Parker Washington,WR,recepciones,4.93,,,0.99,2026-08-12 17:39
2026,1,2026-09-13,CLE @ JAX,JAX,CLE,1,00-0038606,Parker Washington,WR,td_recepcion,0.42,,,0.34,2026-08-12 17:39
2026,1,2026-09-13,CLE @ JAX,JAX,CLE,1,00-0038611,Chris Rodriguez Jr.,RB,yardas_tierra,59.68,21.06,91.21,,2026-08-12 17:39
2026,1,2026-09-13,CLE @ JAX,JAX,CLE,1,00-0038611,Chris Rodriguez Jr.,RB,td_tierra,0.63,,,0.47,2026-08-12 17:39
2026,1,2026-09-13,CLE @ JAX,JAX,CLE,1,00-0038611,Chris Rodriguez Jr.,RB,yardas_recepcion,8.38,0.0,16.61,,2026-08-12 17:39
2026,1,2026-09-13,CLE @ JAX,JAX,CLE,1,00-0038611,Chris Rodriguez Jr.,RB,recepciones,0.96,,,0.62,2026-08-12 17:39
2026,1,2026-09-13,CLE @ JAX,JAX,CLE,1,00-0038611,Chris Rodriguez Jr.,RB,td_recepcion,0.06,,,0.06,2026-08-12 17:39
2026,1,2026-09-13,CLE @ JAX,JAX,CLE,1,00-0034960,Jakobi Meyers,WR,yardas_recepcion,50.66,15.37,85.49,,2026-08-12 17:39
2026,1,2026-09-13,CLE @ JAX,JAX,CLE,1,00-0034960,Jakobi Meyers,WR,recepciones,4.12,,,0.98,2026-08-12 17:39
2026,1,2026-09-13,CLE @ JAX,JAX,CLE,1,00-0034960,Jakobi Meyers,WR,td_recepcion,0.27,,,0.23,2026-08-12 17:39
2026,1,2026-09-13,CLE @ JAX,CLE,JAX,0,00-0036407,Jerry Jeudy,WR,yardas_recepcion,44.76,13.73,71.25,,2026-08-12 17:39
2026,1,2026-09-13,CLE @ JAX,CLE,JAX,0,00-0036407,Jerry Jeudy,WR,recepciones,3.62,,,0.97,2026-08-12 17:39
2026,1,2026-09-13,CLE @ JAX,CLE,JAX,0,00-0036407,Jerry Jeudy,WR,td_recepcion,0.29,,,0.25,2026-08-12 17:39
2026,1,2026-09-13,CLE @ JAX,CLE,JAX,0,00-0033537,Deshaun Watson,QB,yardas_pase,184.22,122.38,257.44,,2026-08-12 17:39
2026,1,2026-09-13,CLE @ JAX,CLE,JAX,0,00-0033537,Deshaun Watson,QB,td_pase,0.83,,,0.57,2026-08-12 17:39
2026,1,2026-09-13,CLE @ JAX,CLE,JAX,0,00-0033537,Deshaun Watson,QB,intercepciones,0.54,,,0.42,2026-08-12 17:39
2026,1,2026-09-13,CLE @ JAX,CLE,JAX,0,00-0033537,Deshaun Watson,QB,yardas_tierra,17.99,0.98,36.23,,2026-08-12 17:39
2026,1,2026-09-13,CLE @ JAX,CLE,JAX,0,00-0033537,Deshaun Watson,QB,td_tierra,0.15,,,0.14,2026-08-12 17:39
2026,1,2026-09-13,CLE @ JAX,CLE,JAX,0,00-0040663,Harold Fannin Jr.,TE,yardas_recepcion,60.2,21.23,98.31,,2026-08-12 17:39
2026,1,2026-09-13,CLE @ JAX,CLE,JAX,0,00-0040663,Harold Fannin Jr.,TE,recepciones,4.73,,,0.99,2026-08-12 17:39
2026,1,2026-09-13,CLE @ JAX,CLE,JAX,0,00-0040663,Harold Fannin Jr.,TE,td_recepcion,0.39,,,0.33,2026-08-12 17:39
2026,1,2026-09-13,CLE @ JAX,CLE,JAX,0,00-0040784,Quinshon Judkins,RB,yardas_tierra,36.21,12.9,58.57,,2026-08-12 17:39
2026,1,2026-09-13,CLE @ JAX,CLE,JAX,0,00-0040784,Quinshon Judkins,RB,td_tierra,0.3,,,0.26,2026-08-12 17:39
2026,1,2026-09-13,CLE @ JAX,CLE,JAX,0,00-0040784,Quinshon Judkins,RB,yardas_recepcion,20.08,1.13,40.53,,2026-08-12 17:39
2026,1,2026-09-13,CLE @ JAX,CLE,JAX,0,00-0040784,Quinshon Judkins,RB,recepciones,2.33,,,0.9,2026-08-12 17:39
2026,1,2026-09-13,CLE @ JAX,CLE,JAX,0,00-0040784,Quinshon Judkins,RB,td_recepcion,0.11,,,0.1,2026-08-12 17:39
2026,1,2026-09-13,CLE @ JAX,CLE,JAX,0,00-0040162,Dylan Sampson,RB,yardas_tierra,17.19,0.42,40.96,,2026-08-12 17:39
2026,1,2026-09-13,CLE @ JAX,CLE,JAX,0,00-0040162,Dylan Sampson,RB,td_tierra,0.18,,,0.16,2026-08-12 17:39
2026,1,2026-09-13,CLE @ JAX,CLE,JAX,0,00-0040162,Dylan Sampson,RB,yardas_recepcion,22.17,1.69,42.41,,2026-08-12 17:39
2026,1,2026-09-13,CLE @ JAX,CLE,JAX,0,00-0040162,Dylan Sampson,RB,recepciones,2.15,,,0.88,2026-08-12 17:39
2026,1,2026-09-13,CLE @ JAX,CLE,JAX,0,00-0040162,Dylan Sampson,RB,td_recepcion,0.15,,,0.14,2026-08-12 17:39
2026,1,2026-09-13,ATL @ PIT,PIT,ATL,1,00-0035640,DK Metcalf,WR,yardas_recepcion,67.89,19.38,105.75,,2026-08-12 17:39
2026,1,2026-09-13,ATL @ PIT,PIT,ATL,1,00-0035640,DK Metcalf,WR,recepciones,4.36,,,0.99,2026-08-12 17:39
2026,1,2026-09-13,ATL @ PIT,PIT,ATL,1,00-0035640,DK Metcalf,WR,td_recepcion,0.4,,,0.33,2026-08-12 17:39
2026,1,2026-09-13,ATL @ PIT,PIT,ATL,1,00-0023459,Aaron Rodgers,QB,yardas_pase,231.54,151.94,312.08,,2026-08-12 17:39
2026,1,2026-09-13,ATL @ PIT,PIT,ATL,1,00-0023459,Aaron Rodgers,QB,td_pase,1.22,,,0.7,2026-08-12 17:39
2026,1,2026-09-13,ATL @ PIT,PIT,ATL,1,00-0023459,Aaron Rodgers,QB,intercepciones,0.72,,,0.51,2026-08-12 17:39
2026,1,2026-09-13,ATL @ PIT,PIT,ATL,1,00-0023459,Aaron Rodgers,QB,yardas_tierra,8.9,0.0,21.38,,2026-08-12 17:39
2026,1,2026-09-13,ATL @ PIT,PIT,ATL,1,00-0023459,Aaron Rodgers,QB,td_tierra,0.11,,,0.1,2026-08-12 17:39
2026,1,2026-09-13,ATL @ PIT,PIT,ATL,1,00-0036894,Pat Freiermuth,TE,yardas_recepcion,38.16,5.68,63.37,,2026-08-12 17:39
2026,1,2026-09-13,ATL @ PIT,PIT,ATL,1,00-0036894,Pat Freiermuth,TE,recepciones,2.77,,,0.94,2026-08-12 17:39
2026,1,2026-09-13,ATL @ PIT,PIT,ATL,1,00-0036894,Pat Freiermuth,TE,td_recepcion,0.26,,,0.23,2026-08-12 17:39
2026,1,2026-09-13,ATL @ PIT,PIT,ATL,1,00-0037228,Jaylen Warren,RB,yardas_tierra,58.21,23.37,88.54,,2026-08-12 17:39
2026,1,2026-09-13,ATL @ PIT,PIT,ATL,1,00-0037228,Jaylen Warren,RB,td_tierra,0.35,,,0.29,2026-08-12 17:39
2026,1,2026-09-13,ATL @ PIT,PIT,ATL,1,00-0037228,Jaylen Warren,RB,yardas_recepcion,14.42,0.0,29.59,,2026-08-12 17:39
2026,1,2026-09-13,ATL @ PIT,PIT,ATL,1,00-0037228,Jaylen Warren,RB,recepciones,1.84,,,0.84,2026-08-12 17:39
2026,1,2026-09-13,ATL @ PIT,PIT,ATL,1,00-0037228,Jaylen Warren,RB,td_recepcion,0.08,,,0.07,2026-08-12 17:39
2026,1,2026-09-13,ATL @ PIT,PIT,ATL,1,00-0036252,Michael Pittman Jr.,WR,yardas_recepcion,44.11,14.05,67.64,,2026-08-12 17:39
2026,1,2026-09-13,ATL @ PIT,PIT,ATL,1,00-0036252,Michael Pittman Jr.,WR,recepciones,4.21,,,0.99,2026-08-12 17:39
2026,1,2026-09-13,ATL @ PIT,PIT,ATL,1,00-0036252,Michael Pittman Jr.,WR,td_recepcion,0.24,,,0.21,2026-08-12 17:39
2026,1,2026-09-13,ATL @ PIT,PIT,ATL,1,00-0038558,Darnell Washington,TE,yardas_recepcion,22.51,1.01,44.09,,2026-08-12 17:39
2026,1,2026-09-13,ATL @ PIT,PIT,ATL,1,00-0038558,Darnell Washington,TE,recepciones,2.25,,,0.89,2026-08-12 17:39
2026,1,2026-09-13,ATL @ PIT,PIT,ATL,1,00-0038558,Darnell Washington,TE,td_recepcion,0.15,,,0.14,2026-08-12 17:39
2026,1,2026-09-13,ATL @ PIT,PIT,ATL,1,00-0036139,Rico Dowdle,RB,yardas_tierra,36.88,12.73,70.34,,2026-08-12 17:39
2026,1,2026-09-13,ATL @ PIT,PIT,ATL,1,00-0036139,Rico Dowdle,RB,td_tierra,0.22,,,0.2,2026-08-12 17:39
2026,1,2026-09-13,ATL @ PIT,PIT,ATL,1,00-0036139,Rico Dowdle,RB,yardas_recepcion,18.76,0.38,38.42,,2026-08-12 17:39
2026,1,2026-09-13,ATL @ PIT,PIT,ATL,1,00-0036139,Rico Dowdle,RB,recepciones,2.34,,,0.9,2026-08-12 17:39
2026,1,2026-09-13,ATL @ PIT,PIT,ATL,1,00-0036139,Rico Dowdle,RB,td_recepcion,0.1,,,0.09,2026-08-12 17:39
2026,1,2026-09-13,ATL @ PIT,PIT,ATL,1,00-0039739,Roman Wilson,WR,yardas_recepcion,15.0,0.0,31.08,,2026-08-12 17:39
2026,1,2026-09-13,ATL @ PIT,PIT,ATL,1,00-0039739,Roman Wilson,WR,recepciones,1.39,,,0.75,2026-08-12 17:39
2026,1,2026-09-13,ATL @ PIT,PIT,ATL,1,00-0039739,Roman Wilson,WR,td_recepcion,0.09,,,0.09,2026-08-12 17:39
2026,1,2026-09-13,ATL @ PIT,ATL,PIT,0,00-0037238,Drake London,WR,yardas_recepcion,64.68,22.19,93.08,,2026-08-12 17:39
2026,1,2026-09-13,ATL @ PIT,ATL,PIT,0,00-0037238,Drake London,WR,recepciones,4.66,,,0.99,2026-08-12 17:39
2026,1,2026-09-13,ATL @ PIT,ATL,PIT,0,00-0037238,Drake London,WR,td_recepcion,0.38,,,0.32,2026-08-12 17:39
2026,1,2026-09-13,ATL @ PIT,ATL,PIT,0,00-0036212,Tua Tagovailoa,QB,yardas_pase,182.11,121.65,262.19,,2026-08-12 17:39
2026,1,2026-09-13,ATL @ PIT,ATL,PIT,0,00-0036212,Tua Tagovailoa,QB,td_pase,1.15,,,0.68,2026-08-12 17:39
2026,1,2026-09-13,ATL @ PIT,ATL,PIT,0,00-0036212,Tua Tagovailoa,QB,intercepciones,0.63,,,0.47,2026-08-12 17:39
2026,1,2026-09-13,ATL @ PIT,ATL,PIT,0,00-0036212,Tua Tagovailoa,QB,yardas_tierra,3.83,0.0,9.56,,2026-08-12 17:39
2026,1,2026-09-13,ATL @ PIT,ATL,PIT,0,00-0036212,Tua Tagovailoa,QB,td_tierra,0.11,,,0.1,2026-08-12 17:39
2026,1,2026-09-13,ATL @ PIT,ATL,PIT,0,00-0036970,Kyle Pitts Sr.,TE,yardas_recepcion,67.05,27.47,109.46,,2026-08-12 17:39
2026,1,2026-09-13,ATL @ PIT,ATL,PIT,0,00-0036970,Kyle Pitts Sr.,TE,recepciones,5.78,,,1.0,2026-08-12 17:39
2026,1,2026-09-13,ATL @ PIT,ATL,PIT,0,00-0036970,Kyle Pitts Sr.,TE,td_recepcion,0.56,,,0.43,2026-08-12 17:39
2026,1,2026-09-13,ATL @ PIT,ATL,PIT,0,00-0038542,Bijan Robinson,RB,yardas_tierra,61.93,27.73,102.56,,2026-08-12 17:39
2026,1,2026-09-13,ATL @ PIT,ATL,PIT,0,00-0038542,Bijan Robinson,RB,td_tierra,0.55,,,0.42,2026-08-12 17:39
2026,1,2026-09-13,ATL @ PIT,ATL,PIT,0,00-0038542,Bijan Robinson,RB,yardas_recepcion,35.28,14.66,64.74,,2026-08-12 17:39
2026,1,2026-09-13,ATL @ PIT,ATL,PIT,0,00-0038542,Bijan Robinson,RB,recepciones,4.51,,,0.99,2026-08-12 17:39
2026,1,2026-09-13,ATL @ PIT,ATL,PIT,0,00-0038542,Bijan Robinson,RB,td_recepcion,0.26,,,0.23,2026-08-12 17:39
2026,1,2026-09-13,ATL @ PIT,ATL,PIT,0,00-0037741,Jahan Dotson,WR,yardas_recepcion,19.5,0.29,43.65,,2026-08-12 17:39
2026,1,2026-09-13,ATL @ PIT,ATL,PIT,0,00-0037741,Jahan Dotson,WR,recepciones,1.7,,,0.82,2026-08-12 17:39
2026,1,2026-09-13,ATL @ PIT,ATL,PIT,0,00-0037741,Jahan Dotson,WR,td_recepcion,0.13,,,0.12,2026-08-12 17:39
2026,1,2026-09-13,ATL @ PIT,ATL,PIT,0,00-0032392,Austin Hooper,TE,yardas_recepcion,13.32,0.0,28.25,,2026-08-12 17:39
2026,1,2026-09-13,ATL @ PIT,ATL,PIT,0,00-0032392,Austin Hooper,TE,recepciones,1.51,,,0.78,2026-08-12 17:39
2026,1,2026-09-13,ATL @ PIT,ATL,PIT,0,00-0032392,Austin Hooper,TE,td_recepcion,0.11,,,0.1,2026-08-12 17:39
2026,1,2026-09-13,ATL @ PIT,ATL,PIT,0,00-0037746,Brian Robinson Jr.,RB,yardas_tierra,13.36,0.0,31.05,,2026-08-12 17:39
2026,1,2026-09-13,ATL @ PIT,ATL,PIT,0,00-0037746,Brian Robinson Jr.,RB,td_tierra,0.1,,,0.09,2026-08-12 17:39
2026,1,2026-09-13,ATL @ PIT,ATL,PIT,0,00-0037746,Brian Robinson Jr.,RB,yardas_recepcion,5.18,0.0,10.89,,2026-08-12 17:39
2026,1,2026-09-13,ATL @ PIT,ATL,PIT,0,00-0037746,Brian Robinson Jr.,RB,recepciones,0.66,,,0.48,2026-08-12 17:39
2026,1,2026-09-13,ATL @ PIT,ATL,PIT,0,00-0037746,Brian Robinson Jr.,RB,td_recepcion,0.02,,,0.02,2026-08-12 17:39
2026,1,2026-09-13,ATL @ PIT,ATL,PIT,0,00-0035208,Olamide Zaccheaus,WR,yardas_recepcion,23.57,0.49,45.59,,2026-08-12 17:39
2026,1,2026-09-13,ATL @ PIT,ATL,PIT,0,00-0035208,Olamide Zaccheaus,WR,recepciones,1.7,,,0.82,2026-08-12 17:39
2026,1,2026-09-13,ATL @ PIT,ATL,PIT,0,00-0035208,Olamide Zaccheaus,WR,td_recepcion,0.15,,,0.14,2026-08-12 17:39
2026,1,2026-09-13,NYJ @ TEN,TEN,NYJ,1,00-0040676,Cam Ward,QB,yardas_pase,185.43,87.23,265.15,,2026-08-12 17:39
2026,1,2026-09-13,NYJ @ TEN,TEN,NYJ,1,00-0040676,Cam Ward,QB,td_pase,1.26,,,0.72,2026-08-12 17:39
2026,1,2026-09-13,NYJ @ TEN,TEN,NYJ,1,00-0040676,Cam Ward,QB,intercepciones,0.75,,,0.53,2026-08-12 17:39
2026,1,2026-09-13,NYJ @ TEN,TEN,NYJ,1,00-0040676,Cam Ward,QB,yardas_tierra,9.13,0.0,20.79,,2026-08-12 17:39
2026,1,2026-09-13,NYJ @ TEN,TEN,NYJ,1,00-0040676,Cam Ward,QB,td_tierra,0.1,,,0.1,2026-08-12 17:39
2026,1,2026-09-13,NYJ @ TEN,TEN,NYJ,1,00-0040584,Gunnar Helm,TE,yardas_recepcion,26.87,1.05,53.15,,2026-08-12 17:39
2026,1,2026-09-13,NYJ @ TEN,TEN,NYJ,1,00-0040584,Gunnar Helm,TE,recepciones,2.43,,,0.91,2026-08-12 17:39
2026,1,2026-09-13,NYJ @ TEN,TEN,NYJ,1,00-0040584,Gunnar Helm,TE,td_recepcion,0.13,,,0.13,2026-08-12 17:39
2026,1,2026-09-13,NYJ @ TEN,TEN,NYJ,1,00-0035261,Tony Pollard,RB,yardas_tierra,98.09,43.03,117.75,,2026-08-12 17:39
2026,1,2026-09-13,NYJ @ TEN,TEN,NYJ,1,00-0035261,Tony Pollard,RB,td_tierra,1.16,,,0.69,2026-08-12 17:39
2026,1,2026-09-13,NYJ @ TEN,TEN,NYJ,1,00-0035261,Tony Pollard,RB,yardas_recepcion,14.58,0.05,28.9,,2026-08-12 17:39
2026,1,2026-09-13,NYJ @ TEN,TEN,NYJ,1,00-0035261,Tony Pollard,RB,recepciones,1.49,,,0.77,2026-08-12 17:39
2026,1,2026-09-13,NYJ @ TEN,TEN,NYJ,1,00-0035261,Tony Pollard,RB,td_recepcion,0.07,,,0.07,2026-08-12 17:39
2026,1,2026-09-13,NYJ @ TEN,TEN,NYJ,1,00-0038117,Wan'Dale Robinson,WR,yardas_recepcion,61.25,33.49,103.4,,2026-08-12 17:39
2026,1,2026-09-13,NYJ @ TEN,TEN,NYJ,1,00-0038117,Wan'Dale Robinson,WR,recepciones,6.02,,,1.0,2026-08-12 17:39
2026,1,2026-09-13,NYJ @ TEN,TEN,NYJ,1,00-0038117,Wan'Dale Robinson,WR,td_recepcion,0.36,,,0.3,2026-08-12 17:39
2026,1,2026-09-13,NYJ @ TEN,TEN,NYJ,1,00-0038115,Daniel Bellinger,TE,yardas_recepcion,21.0,0.53,39.83,,2026-08-12 17:39
2026,1,2026-09-13,NYJ @ TEN,TEN,NYJ,1,00-0038115,Daniel Bellinger,TE,recepciones,1.95,,,0.86,2026-08-12 17:39
2026,1,2026-09-13,NYJ @ TEN,TEN,NYJ,1,00-0038115,Daniel Bellinger,TE,td_recepcion,0.13,,,0.12,2026-08-12 17:39
2026,1,2026-09-13,NYJ @ TEN,TEN,NYJ,1,00-0039032,Tyjae Spears,RB,yardas_tierra,29.87,3.36,56.46,,2026-08-12 17:39
2026,1,2026-09-13,NYJ @ TEN,TEN,NYJ,1,00-0039032,Tyjae Spears,RB,td_tierra,0.24,,,0.21,2026-08-12 17:39
2026,1,2026-09-13,NYJ @ TEN,TEN,NYJ,1,00-0039032,Tyjae Spears,RB,yardas_recepcion,22.65,1.06,42.11,,2026-08-12 17:39
2026,1,2026-09-13,NYJ @ TEN,TEN,NYJ,1,00-0039032,Tyjae Spears,RB,recepciones,2.79,,,0.94,2026-08-12 17:39
2026,1,2026-09-13,NYJ @ TEN,TEN,NYJ,1,00-0039032,Tyjae Spears,RB,td_recepcion,0.11,,,0.11,2026-08-12 17:39
2026,1,2026-09-13,NYJ @ TEN,TEN,NYJ,1,00-0034837,Calvin Ridley,WR,yardas_recepcion,37.6,4.28,63.11,,2026-08-12 17:39
2026,1,2026-09-13,NYJ @ TEN,TEN,NYJ,1,00-0034837,Calvin Ridley,WR,recepciones,2.12,,,0.88,2026-08-12 17:39
2026,1,2026-09-13,NYJ @ TEN,TEN,NYJ,1,00-0034837,Calvin Ridley,WR,td_recepcion,0.21,,,0.19,2026-08-12 17:39
2026,1,2026-09-13,NYJ @ TEN,NYJ,TEN,0,00-0037740,Garrett Wilson,WR,yardas_recepcion,62.45,24.29,97.14,,2026-08-12 17:39
2026,1,2026-09-13,NYJ @ TEN,NYJ,TEN,0,00-0037740,Garrett Wilson,WR,recepciones,5.17,,,0.99,2026-08-12 17:39
2026,1,2026-09-13,NYJ @ TEN,NYJ,TEN,0,00-0037740,Garrett Wilson,WR,td_recepcion,0.4,,,0.33,2026-08-12 17:39
2026,1,2026-09-13,NYJ @ TEN,NYJ,TEN,0,00-0030565,Geno Smith,QB,yardas_pase,217.94,147.76,306.39,,2026-08-12 17:39
2026,1,2026-09-13,NYJ @ TEN,NYJ,TEN,0,00-0030565,Geno Smith,QB,td_pase,1.34,,,0.74,2026-08-12 17:39
2026,1,2026-09-13,NYJ @ TEN,NYJ,TEN,0,00-0030565,Geno Smith,QB,intercepciones,0.89,,,0.59,2026-08-12 17:39
2026,1,2026-09-13,NYJ @ TEN,NYJ,TEN,0,00-0030565,Geno Smith,QB,yardas_tierra,4.91,0.0,8.8,,2026-08-12 17:39
2026,1,2026-09-13,NYJ @ TEN,NYJ,TEN,0,00-0030565,Geno Smith,QB,td_tierra,0.07,,,0.07,2026-08-12 17:39
2026,1,2026-09-13,NYJ @ TEN,NYJ,TEN,0,00-0038120,Breece Hall,RB,yardas_tierra,50.24,23.45,92.9,,2026-08-12 17:39
2026,1,2026-09-13,NYJ @ TEN,NYJ,TEN,0,00-0038120,Breece Hall,RB,td_tierra,0.37,,,0.31,2026-08-12 17:39
2026,1,2026-09-13,NYJ @ TEN,NYJ,TEN,0,00-0038120,Breece Hall,RB,yardas_recepcion,18.28,0.57,36.36,,2026-08-12 17:39
2026,1,2026-09-13,NYJ @ TEN,NYJ,TEN,0,00-0038120,Breece Hall,RB,recepciones,1.96,,,0.86,2026-08-12 17:39
2026,1,2026-09-13,NYJ @ TEN,NYJ,TEN,0,00-0038120,Breece Hall,RB,td_recepcion,0.1,,,0.1,2026-08-12 17:39
2026,1,2026-09-13,NYJ @ TEN,NYJ,TEN,0,00-0039890,Adonai Mitchell,WR,yardas_recepcion,40.14,12.71,75.24,,2026-08-12 17:39
2026,1,2026-09-13,NYJ @ TEN,NYJ,TEN,0,00-0039890,Adonai Mitchell,WR,recepciones,3.5,,,0.97,2026-08-12 17:39
2026,1,2026-09-13,NYJ @ TEN,NYJ,TEN,0,00-0039890,Adonai Mitchell,WR,td_recepcion,0.23,,,0.21,2026-08-12 17:39
2026,1,2026-09-13,NYJ @ TEN,NYJ,TEN,0,00-0040736,Mason Taylor,TE,yardas_recepcion,37.61,10.23,61.16,,2026-08-12 17:39
2026,1,2026-09-13,NYJ @ TEN,NYJ,TEN,0,00-0040736,Mason Taylor,TE,recepciones,3.43,,,0.97,2026-08-12 17:39
2026,1,2026-09-13,NYJ @ TEN,NYJ,TEN,0,00-0040736,Mason Taylor,TE,td_recepcion,0.21,,,0.19,2026-08-12 17:39
2026,1,2026-09-13,NYJ @ TEN,NYJ,TEN,0,00-0039794,Braelon Allen,RB,yardas_tierra,19.28,0.2,39.42,,2026-08-12 17:39
2026,1,2026-09-13,NYJ @ TEN,NYJ,TEN,0,00-0039794,Braelon Allen,RB,td_tierra,0.09,,,0.09,2026-08-12 17:39
2026,1,2026-09-13,NYJ @ TEN,NYJ,TEN,0,00-0039794,Braelon Allen,RB,yardas_recepcion,9.17,0.0,20.23,,2026-08-12 17:39
2026,1,2026-09-13,NYJ @ TEN,NYJ,TEN,0,00-0039794,Braelon Allen,RB,recepciones,1.03,,,0.64,2026-08-12 17:39
2026,1,2026-09-13,NYJ @ TEN,NYJ,TEN,0,00-0039794,Braelon Allen,RB,td_recepcion,0.06,,,0.06,2026-08-12 17:39
2026,1,2026-09-13,ARI @ LAC,LAC,ARI,1,00-0039915,Ladd McConkey,WR,yardas_recepcion,34.12,7.39,58.49,,2026-08-12 17:39
2026,1,2026-09-13,ARI @ LAC,LAC,ARI,1,00-0039915,Ladd McConkey,WR,recepciones,2.85,,,0.94,2026-08-12 17:39
2026,1,2026-09-13,ARI @ LAC,LAC,ARI,1,00-0039915,Ladd McConkey,WR,td_recepcion,0.26,,,0.23,2026-08-12 17:39
2026,1,2026-09-13,ARI @ LAC,LAC,ARI,1,00-0036355,Justin Herbert,QB,yardas_pase,202.51,128.05,275.17,,2026-08-12 17:39
2026,1,2026-09-13,ARI @ LAC,LAC,ARI,1,00-0036355,Justin Herbert,QB,td_pase,1.29,,,0.73,2026-08-12 17:39
2026,1,2026-09-13,ARI @ LAC,LAC,ARI,1,00-0036355,Justin Herbert,QB,intercepciones,0.69,,,0.5,2026-08-12 17:39
2026,1,2026-09-13,ARI @ LAC,LAC,ARI,1,00-0036355,Justin Herbert,QB,yardas_tierra,32.42,8.32,58.92,,2026-08-12 17:39
2026,1,2026-09-13,ARI @ LAC,LAC,ARI,1,00-0036355,Justin Herbert,QB,td_tierra,0.38,,,0.32,2026-08-12 17:39
2026,1,2026-09-13,ARI @ LAC,LAC,ARI,1,00-0040189,Oronde Gadsden,TE,yardas_recepcion,26.86,3.31,51.76,,2026-08-12 17:39
2026,1,2026-09-13,ARI @ LAC,LAC,ARI,1,00-0040189,Oronde Gadsden,TE,recepciones,2.44,,,0.91,2026-08-12 17:39
2026,1,2026-09-13,ARI @ LAC,LAC,ARI,1,00-0040189,Oronde Gadsden,TE,td_recepcion,0.2,,,0.18,2026-08-12 17:39
2026,1,2026-09-13,ARI @ LAC,LAC,ARI,1,00-0040666,Omarion Hampton,RB,yardas_tierra,60.84,12.07,80.06,,2026-08-12 17:39
2026,1,2026-09-13,ARI @ LAC,LAC,ARI,1,00-0040666,Omarion Hampton,RB,td_tierra,0.36,,,0.3,2026-08-12 17:39
2026,1,2026-09-13,ARI @ LAC,LAC,ARI,1,00-0040666,Omarion Hampton,RB,yardas_recepcion,15.74,0.0,32.83,,2026-08-12 17:39
2026,1,2026-09-13,ARI @ LAC,LAC,ARI,1,00-0040666,Omarion Hampton,RB,recepciones,2.09,,,0.88,2026-08-12 17:39
2026,1,2026-09-13,ARI @ LAC,LAC,ARI,1,00-0040666,Omarion Hampton,RB,td_recepcion,0.1,,,0.1,2026-08-12 17:39
2026,1,2026-09-13,ARI @ LAC,LAC,ARI,1,00-0038544,Quentin Johnston,WR,yardas_recepcion,48.7,13.35,78.45,,2026-08-12 17:39
2026,1,2026-09-13,ARI @ LAC,LAC,ARI,1,00-0038544,Quentin Johnston,WR,recepciones,3.47,,,0.97,2026-08-12 17:39
2026,1,2026-09-13,ARI @ LAC,LAC,ARI,1,00-0038544,Quentin Johnston,WR,td_recepcion,0.22,,,0.2,2026-08-12 17:39
2026,1,2026-09-13,ARI @ LAC,LAC,ARI,1,00-0033885,David Njoku,TE,yardas_recepcion,16.52,0.32,35.17,,2026-08-12 17:39
2026,1,2026-09-13,ARI @ LAC,LAC,ARI,1,00-0033885,David Njoku,TE,recepciones,2.01,,,0.87,2026-08-12 17:39
2026,1,2026-09-13,ARI @ LAC,LAC,ARI,1,00-0033885,David Njoku,TE,td_recepcion,0.12,,,0.11,2026-08-12 17:39
2026,1,2026-09-13,ARI @ LAC,LAC,ARI,1,00-0039391,Kimani Vidal,RB,yardas_tierra,40.91,8.39,65.84,,2026-08-12 17:39
2026,1,2026-09-13,ARI @ LAC,LAC,ARI,1,00-0039391,Kimani Vidal,RB,td_tierra,0.33,,,0.28,2026-08-12 17:39
2026,1,2026-09-13,ARI @ LAC,LAC,ARI,1,00-0039391,Kimani Vidal,RB,yardas_recepcion,18.28,0.37,37.23,,2026-08-12 17:39
2026,1,2026-09-13,ARI @ LAC,LAC,ARI,1,00-0039391,Kimani Vidal,RB,recepciones,1.68,,,0.81,2026-08-12 17:39
2026,1,2026-09-13,ARI @ LAC,LAC,ARI,1,00-0039391,Kimani Vidal,RB,td_recepcion,0.1,,,0.1,2026-08-12 17:39
2026,1,2026-09-13,ARI @ LAC,LAC,ARI,1,00-0040727,Tre' Harris,WR,yardas_recepcion,40.65,5.31,69.71,,2026-08-12 17:39
2026,1,2026-09-13,ARI @ LAC,LAC,ARI,1,00-0040727,Tre' Harris,WR,recepciones,2.64,,,0.93,2026-08-12 17:39
2026,1,2026-09-13,ARI @ LAC,LAC,ARI,1,00-0040727,Tre' Harris,WR,td_recepcion,0.2,,,0.18,2026-08-12 17:39
2026,1,2026-09-13,ARI @ LAC,ARI,LAC,0,00-0039849,Marvin Harrison Jr.,WR,yardas_recepcion,45.22,12.05,75.95,,2026-08-12 17:39
2026,1,2026-09-13,ARI @ LAC,ARI,LAC,0,00-0039849,Marvin Harrison Jr.,WR,recepciones,3.49,,,0.97,2026-08-12 17:39
2026,1,2026-09-13,ARI @ LAC,ARI,LAC,0,00-0039849,Marvin Harrison Jr.,WR,td_recepcion,0.21,,,0.19,2026-08-12 17:39
2026,1,2026-09-13,ARI @ LAC,ARI,LAC,0,00-0033119,Jacoby Brissett,QB,yardas_pase,206.18,138.21,292.59,,2026-08-12 17:39
2026,1,2026-09-13,ARI @ LAC,ARI,LAC,0,00-0033119,Jacoby Brissett,QB,td_pase,1.52,,,0.78,2026-08-12 17:39
2026,1,2026-09-13,ARI @ LAC,ARI,LAC,0,00-0033119,Jacoby Brissett,QB,intercepciones,0.72,,,0.51,2026-08-12 17:39
2026,1,2026-09-13,ARI @ LAC,ARI,LAC,0,00-0033119,Jacoby Brissett,QB,yardas_tierra,10.16,0.0,22.1,,2026-08-12 17:39
2026,1,2026-09-13,ARI @ LAC,ARI,LAC,0,00-0033119,Jacoby Brissett,QB,td_tierra,0.13,,,0.12,2026-08-12 17:39
2026,1,2026-09-13,ARI @ LAC,ARI,LAC,0,00-0037744,Trey McBride,TE,yardas_recepcion,74.43,30.94,122.47,,2026-08-12 17:39
2026,1,2026-09-13,ARI @ LAC,ARI,LAC,0,00-0037744,Trey McBride,TE,recepciones,6.8,,,1.0,2026-08-12 17:39
2026,1,2026-09-13,ARI @ LAC,ARI,LAC,0,00-0037744,Trey McBride,TE,td_recepcion,0.46,,,0.37,2026-08-12 17:39
2026,1,2026-09-13,ARI @ LAC,ARI,LAC,0,00-0038559,Michael Wilson,WR,yardas_recepcion,58.73,29.89,100.61,,2026-08-12 17:39
2026,1,2026-09-13,ARI @ LAC,ARI,LAC,0,00-0038559,Michael Wilson,WR,recepciones,4.84,,,0.99,2026-08-12 17:39
2026,1,2026-09-13,ARI @ LAC,ARI,LAC,0,00-0038559,Michael Wilson,WR,td_recepcion,0.51,,,0.4,2026-08-12 17:39
2026,1,2026-09-13,ARI @ LAC,ARI,LAC,0,00-0039737,Tip Reiman,TE,yardas_recepcion,12.43,0.0,26.73,,2026-08-12 17:39
2026,1,2026-09-13,ARI @ LAC,ARI,LAC,0,00-0039737,Tip Reiman,TE,recepciones,1.4,,,0.75,2026-08-12 17:39
2026,1,2026-09-13,ARI @ LAC,ARI,LAC,0,00-0039737,Tip Reiman,TE,td_recepcion,0.08,,,0.08,2026-08-12 17:39
2026,1,2026-09-13,ARI @ LAC,ARI,LAC,0,00-0037263,Tyler Allgeier,RB,yardas_tierra,35.44,4.38,59.57,,2026-08-12 17:39
2026,1,2026-09-13,ARI @ LAC,ARI,LAC,0,00-0037263,Tyler Allgeier,RB,td_tierra,0.19,,,0.17,2026-08-12 17:39
2026,1,2026-09-13,ARI @ LAC,ARI,LAC,0,00-0037263,Tyler Allgeier,RB,yardas_recepcion,9.85,0.0,21.11,,2026-08-12 17:39
2026,1,2026-09-13,ARI @ LAC,ARI,LAC,0,00-0037263,Tyler Allgeier,RB,recepciones,1.11,,,0.67,2026-08-12 17:39
2026,1,2026-09-13,ARI @ LAC,ARI,LAC,0,00-0037263,Tyler Allgeier,RB,td_recepcion,0.06,,,0.06,2026-08-12 17:39
2026,1,2026-09-13,ARI @ LAC,ARI,LAC,0,00-0033307,Kendrick Bourne,WR,yardas_recepcion,14.81,0.0,33.2,,2026-08-12 17:39
2026,1,2026-09-13,ARI @ LAC,ARI,LAC,0,00-0033307,Kendrick Bourne,WR,recepciones,1.46,,,0.77,2026-08-12 17:39
2026,1,2026-09-13,ARI @ LAC,ARI,LAC,0,00-0033307,Kendrick Bourne,WR,td_recepcion,0.09,,,0.09,2026-08-12 17:39
2026,1,2026-09-13,MIA @ LV,LV,MIA,1,00-0038563,Tre Tucker,WR,yardas_recepcion,43.08,12.59,71.14,,2026-08-12 17:39
2026,1,2026-09-13,MIA @ LV,LV,MIA,1,00-0038563,Tre Tucker,WR,recepciones,3.44,,,0.97,2026-08-12 17:39
2026,1,2026-09-13,MIA @ LV,LV,MIA,1,00-0038563,Tre Tucker,WR,td_recepcion,0.28,,,0.24,2026-08-12 17:39
2026,1,2026-09-13,MIA @ LV,LV,MIA,1,00-0029604,Kirk Cousins,QB,yardas_pase,229.2,166.53,290.44,,2026-08-12 17:39
2026,1,2026-09-13,MIA @ LV,LV,MIA,1,00-0029604,Kirk Cousins,QB,td_pase,1.49,,,0.77,2026-08-12 17:39
2026,1,2026-09-13,MIA @ LV,LV,MIA,1,00-0029604,Kirk Cousins,QB,intercepciones,0.52,,,0.41,2026-08-12 17:39
2026,1,2026-09-13,MIA @ LV,LV,MIA,1,00-0029604,Kirk Cousins,QB,yardas_tierra,3.62,0.0,8.3,,2026-08-12 17:39
2026,1,2026-09-13,MIA @ LV,LV,MIA,1,00-0029604,Kirk Cousins,QB,td_tierra,0.07,,,0.07,2026-08-12 17:39
2026,1,2026-09-13,MIA @ LV,LV,MIA,1,00-0039338,Brock Bowers,TE,yardas_recepcion,52.05,16.75,89.33,,2026-08-12 17:39
2026,1,2026-09-13,MIA @ LV,LV,MIA,1,00-0039338,Brock Bowers,TE,recepciones,4.9,,,0.99,2026-08-12 17:39
2026,1,2026-09-13,MIA @ LV,LV,MIA,1,00-0039338,Brock Bowers,TE,td_recepcion,0.4,,,0.33,2026-08-12 17:39
2026,1,2026-09-13,MIA @ LV,LV,MIA,1,00-0040122,Ashton Jeanty,RB,yardas_tierra,76.88,40.03,102.05,,2026-08-12 17:39
2026,1,2026-09-13,MIA @ LV,LV,MIA,1,00-0040122,Ashton Jeanty,RB,td_tierra,0.45,,,0.36,2026-08-12 17:39
2026,1,2026-09-13,MIA @ LV,LV,MIA,1,00-0040122,Ashton Jeanty,RB,yardas_recepcion,25.71,5.62,47.13,,2026-08-12 17:39
2026,1,2026-09-13,MIA @ LV,LV,MIA,1,00-0040122,Ashton Jeanty,RB,recepciones,2.84,,,0.94,2026-08-12 17:39
2026,1,2026-09-13,MIA @ LV,LV,MIA,1,00-0040122,Ashton Jeanty,RB,td_recepcion,0.15,,,0.14,2026-08-12 17:39
2026,1,2026-09-13,MIA @ LV,LV,MIA,1,00-0037291,Jalen Nailor,WR,yardas_recepcion,28.12,2.78,50.87,,2026-08-12 17:39
2026,1,2026-09-13,MIA @ LV,LV,MIA,1,00-0037291,Jalen Nailor,WR,recepciones,2.1,,,0.88,2026-08-12 17:39
2026,1,2026-09-13,MIA @ LV,LV,MIA,1,00-0037291,Jalen Nailor,WR,td_recepcion,0.17,,,0.16,2026-08-12 17:39
2026,1,2026-09-13,MIA @ LV,LV,MIA,1,00-0039066,Michael Mayer,TE,yardas_recepcion,31.54,3.61,59.39,,2026-08-12 17:39
2026,1,2026-09-13,MIA @ LV,LV,MIA,1,00-0039066,Michael Mayer,TE,recepciones,2.6,,,0.93,2026-08-12 17:39
2026,1,2026-09-13,MIA @ LV,LV,MIA,1,00-0039066,Michael Mayer,TE,td_recepcion,0.18,,,0.16,2026-08-12 17:39
2026,1,2026-09-13,MIA @ LV,LV,MIA,1,00-0040729,Jack Bech,WR,yardas_recepcion,32.75,4.9,58.57,,2026-08-12 17:39
2026,1,2026-09-13,MIA @ LV,LV,MIA,1,00-0040729,Jack Bech,WR,recepciones,2.66,,,0.93,2026-08-12 17:39
2026,1,2026-09-13,MIA @ LV,LV,MIA,1,00-0040729,Jack Bech,WR,td_recepcion,0.18,,,0.16,2026-08-12 17:39
2026,1,2026-09-13,MIA @ LV,MIA,LV,0,00-0039880,Malik Washington,WR,yardas_recepcion,17.02,0.47,33.78,,2026-08-12 17:39
2026,1,2026-09-13,MIA @ LV,MIA,LV,0,00-0039880,Malik Washington,WR,recepciones,2.08,,,0.87,2026-08-12 17:39
2026,1,2026-09-13,MIA @ LV,MIA,LV,0,00-0039880,Malik Washington,WR,td_recepcion,0.11,,,0.1,2026-08-12 17:39
2026,1,2026-09-13,MIA @ LV,MIA,LV,0,00-0038128,Malik Willis,QB,yardas_pase,114.61,39.06,202.61,,2026-08-12 17:39
2026,1,2026-09-13,MIA @ LV,MIA,LV,0,00-0038128,Malik Willis,QB,td_pase,0.65,,,0.48,2026-08-12 17:39
2026,1,2026-09-13,MIA @ LV,MIA,LV,0,00-0038128,Malik Willis,QB,intercepciones,0.12,,,0.12,2026-08-12 17:39
2026,1,2026-09-13,MIA @ LV,MIA,LV,0,00-0038128,Malik Willis,QB,yardas_tierra,21.3,2.16,38.86,,2026-08-12 17:39
2026,1,2026-09-13,MIA @ LV,MIA,LV,0,00-0038128,Malik Willis,QB,td_tierra,0.19,,,0.17,2026-08-12 17:39
2026,1,2026-09-13,MIA @ LV,MIA,LV,0,00-0037252,Greg Dulcich,TE,yardas_recepcion,27.87,3.61,50.29,,2026-08-12 17:39
2026,1,2026-09-13,MIA @ LV,MIA,LV,0,00-0037252,Greg Dulcich,TE,recepciones,2.28,,,0.9,2026-08-12 17:39
2026,1,2026-09-13,MIA @ LV,MIA,LV,0,00-0037252,Greg Dulcich,TE,td_recepcion,0.21,,,0.19,2026-08-12 17:39
2026,1,2026-09-13,MIA @ LV,MIA,LV,0,00-0039040,De'Von Achane,RB,yardas_tierra,60.84,33.21,101.77,,2026-08-12 17:39
2026,1,2026-09-13,MIA @ LV,MIA,LV,0,00-0039040,De'Von Achane,RB,td_tierra,0.45,,,0.36,2026-08-12 17:39
2026,1,2026-09-13,MIA @ LV,MIA,LV,0,00-0039040,De'Von Achane,RB,yardas_recepcion,22.81,3.33,40.32,,2026-08-12 17:39
2026,1,2026-09-13,MIA @ LV,MIA,LV,0,00-0039040,De'Von Achane,RB,recepciones,2.6,,,0.93,2026-08-12 17:39
2026,1,2026-09-13,MIA @ LV,MIA,LV,0,00-0039040,De'Von Achane,RB,td_recepcion,0.11,,,0.1,2026-08-12 17:39
2026,1,2026-09-13,MIA @ LV,MIA,LV,0,00-0037666,Jalen Tolbert,WR,yardas_recepcion,14.77,0.0,30.16,,2026-08-12 17:39
2026,1,2026-09-13,MIA @ LV,MIA,LV,0,00-0037666,Jalen Tolbert,WR,recepciones,1.32,,,0.73,2026-08-12 17:39
2026,1,2026-09-13,MIA @ LV,MIA,LV,0,00-0037666,Jalen Tolbert,WR,td_recepcion,0.14,,,0.13,2026-08-12 17:39
2026,1,2026-09-13,MIA @ LV,MIA,LV,0,00-0039874,Jaylen Wright,RB,yardas_tierra,43.1,15.0,61.7,,2026-08-12 17:39
2026,1,2026-09-13,MIA @ LV,MIA,LV,0,00-0039874,Jaylen Wright,RB,td_tierra,0.22,,,0.19,2026-08-12 17:39
2026,1,2026-09-13,MIA @ LV,MIA,LV,0,00-0039874,Jaylen Wright,RB,yardas_recepcion,10.49,0.0,21.81,,2026-08-12 17:39
2026,1,2026-09-13,MIA @ LV,MIA,LV,0,00-0039874,Jaylen Wright,RB,recepciones,1.18,,,0.69,2026-08-12 17:39
2026,1,2026-09-13,MIA @ LV,MIA,LV,0,00-0039874,Jaylen Wright,RB,td_recepcion,0.08,,,0.08,2026-08-12 17:39
2026,1,2026-09-13,GB @ MIN,MIN,GB,1,00-0036322,Justin Jefferson,WR,yardas_recepcion,65.81,23.43,100.11,,2026-08-12 17:39
2026,1,2026-09-13,GB @ MIN,MIN,GB,1,00-0036322,Justin Jefferson,WR,recepciones,4.67,,,0.99,2026-08-12 17:39
2026,1,2026-09-13,GB @ MIN,MIN,GB,1,00-0036322,Justin Jefferson,WR,td_recepcion,0.4,,,0.33,2026-08-12 17:39
2026,1,2026-09-13,GB @ MIN,MIN,GB,1,00-0035228,Kyler Murray,QB,yardas_pase,228.21,150.5,292.95,,2026-08-12 17:39
2026,1,2026-09-13,GB @ MIN,MIN,GB,1,00-0035228,Kyler Murray,QB,td_pase,1.21,,,0.7,2026-08-12 17:39
2026,1,2026-09-13,GB @ MIN,MIN,GB,1,00-0035228,Kyler Murray,QB,intercepciones,0.7,,,0.5,2026-08-12 17:39
2026,1,2026-09-13,GB @ MIN,MIN,GB,1,00-0035228,Kyler Murray,QB,yardas_tierra,29.34,5.4,50.66,,2026-08-12 17:39
2026,1,2026-09-13,GB @ MIN,MIN,GB,1,00-0035228,Kyler Murray,QB,td_tierra,0.25,,,0.22,2026-08-12 17:39
2026,1,2026-09-13,GB @ MIN,MIN,GB,1,00-0035229,T.J. Hockenson,TE,yardas_recepcion,35.57,8.37,63.38,,2026-08-12 17:39
2026,1,2026-09-13,GB @ MIN,MIN,GB,1,00-0035229,T.J. Hockenson,TE,recepciones,3.17,,,0.96,2026-08-12 17:39
2026,1,2026-09-13,GB @ MIN,MIN,GB,1,00-0035229,T.J. Hockenson,TE,td_recepcion,0.17,,,0.15,2026-08-12 17:39
2026,1,2026-09-13,GB @ MIN,MIN,GB,1,00-0033293,Aaron Jones Sr.,RB,yardas_tierra,57.94,25.38,87.1,,2026-08-12 17:39
2026,1,2026-09-13,GB @ MIN,MIN,GB,1,00-0033293,Aaron Jones Sr.,RB,td_tierra,0.44,,,0.36,2026-08-12 17:39
2026,1,2026-09-13,GB @ MIN,MIN,GB,1,00-0033293,Aaron Jones Sr.,RB,yardas_recepcion,20.88,0.39,43.32,,2026-08-12 17:39
2026,1,2026-09-13,GB @ MIN,MIN,GB,1,00-0033293,Aaron Jones Sr.,RB,recepciones,2.49,,,0.92,2026-08-12 17:39
2026,1,2026-09-13,GB @ MIN,MIN,GB,1,00-0033293,Aaron Jones Sr.,RB,td_recepcion,0.1,,,0.1,2026-08-12 17:39
2026,1,2026-09-13,GB @ MIN,MIN,GB,1,00-0038994,Jordan Addison,WR,yardas_recepcion,37.43,7.13,69.48,,2026-08-12 17:39
2026,1,2026-09-13,GB @ MIN,MIN,GB,1,00-0038994,Jordan Addison,WR,recepciones,2.4,,,0.91,2026-08-12 17:39
2026,1,2026-09-13,GB @ MIN,MIN,GB,1,00-0038994,Jordan Addison,WR,td_recepcion,0.19,,,0.17,2026-08-12 17:39
2026,1,2026-09-13,GB @ MIN,MIN,GB,1,00-0035249,Josh Oliver,TE,yardas_recepcion,20.29,0.84,38.78,,2026-08-12 17:39
2026,1,2026-09-13,GB @ MIN,MIN,GB,1,00-0035249,Josh Oliver,TE,recepciones,1.89,,,0.85,2026-08-12 17:39
2026,1,2026-09-13,GB @ MIN,MIN,GB,1,00-0035249,Josh Oliver,TE,td_recepcion,0.14,,,0.13,2026-08-12 17:39
2026,1,2026-09-13,GB @ MIN,MIN,GB,1,00-0037525,Jordan Mason,RB,yardas_tierra,38.08,8.9,65.82,,2026-08-12 17:39
2026,1,2026-09-13,GB @ MIN,MIN,GB,1,00-0037525,Jordan Mason,RB,td_tierra,0.2,,,0.18,2026-08-12 17:39
2026,1,2026-09-13,GB @ MIN,MIN,GB,1,00-0037525,Jordan Mason,RB,yardas_recepcion,5.99,0.0,12.07,,2026-08-12 17:39
2026,1,2026-09-13,GB @ MIN,MIN,GB,1,00-0037525,Jordan Mason,RB,recepciones,0.75,,,0.53,2026-08-12 17:39
2026,1,2026-09-13,GB @ MIN,MIN,GB,1,00-0037525,Jordan Mason,RB,td_recepcion,0.03,,,0.03,2026-08-12 17:39
2026,1,2026-09-13,GB @ MIN,MIN,GB,1,00-0036259,Jauan Jennings,WR,yardas_recepcion,46.13,11.33,76.72,,2026-08-12 17:39
2026,1,2026-09-13,GB @ MIN,MIN,GB,1,00-0036259,Jauan Jennings,WR,recepciones,3.28,,,0.96,2026-08-12 17:39
2026,1,2026-09-13,GB @ MIN,MIN,GB,1,00-0036259,Jauan Jennings,WR,td_recepcion,0.32,,,0.27,2026-08-12 17:39
2026,1,2026-09-13,GB @ MIN,GB,MIN,0,00-0038124,Christian Watson,WR,yardas_recepcion,45.82,13.69,78.24,,2026-08-12 17:39
2026,1,2026-09-13,GB @ MIN,GB,MIN,0,00-0038124,Christian Watson,WR,recepciones,2.95,,,0.95,2026-08-12 17:39
2026,1,2026-09-13,GB @ MIN,GB,MIN,0,00-0038124,Christian Watson,WR,td_recepcion,0.34,,,0.29,2026-08-12 17:39
2026,1,2026-09-13,GB @ MIN,GB,MIN,0,00-0036264,Jordan Love,QB,yardas_pase,206.97,143.19,262.38,,2026-08-12 17:39
2026,1,2026-09-13,GB @ MIN,GB,MIN,0,00-0036264,Jordan Love,QB,td_pase,1.74,,,0.82,2026-08-12 17:39
2026,1,2026-09-13,GB @ MIN,GB,MIN,0,00-0036264,Jordan Love,QB,intercepciones,0.6,,,0.45,2026-08-12 17:39
2026,1,2026-09-13,GB @ MIN,GB,MIN,0,00-0036264,Jordan Love,QB,yardas_tierra,10.45,0.0,21.52,,2026-08-12 17:39
2026,1,2026-09-13,GB @ MIN,GB,MIN,0,00-0036264,Jordan Love,QB,td_tierra,0.11,,,0.11,2026-08-12 17:39
2026,1,2026-09-13,GB @ MIN,GB,MIN,0,00-0038996,Tucker Kraft,TE,yardas_recepcion,46.34,16.11,72.78,,2026-08-12 17:39
2026,1,2026-09-13,GB @ MIN,GB,MIN,0,00-0038996,Tucker Kraft,TE,recepciones,3.48,,,0.97,2026-08-12 17:39
2026,1,2026-09-13,GB @ MIN,GB,MIN,0,00-0038996,Tucker Kraft,TE,td_recepcion,0.43,,,0.35,2026-08-12 17:39
2026,1,2026-09-13,GB @ MIN,GB,MIN,0,00-0035700,Josh Jacobs,RB,yardas_tierra,52.76,22.13,82.0,,2026-08-12 17:39
2026,1,2026-09-13,GB @ MIN,GB,MIN,0,00-0035700,Josh Jacobs,RB,td_tierra,0.44,,,0.35,2026-08-12 17:39
2026,1,2026-09-13,GB @ MIN,GB,MIN,0,00-0035700,Josh Jacobs,RB,yardas_recepcion,13.66,0.0,26.89,,2026-08-12 17:39
2026,1,2026-09-13,GB @ MIN,GB,MIN,0,00-0035700,Josh Jacobs,RB,recepciones,1.47,,,0.77,2026-08-12 17:39
2026,1,2026-09-13,GB @ MIN,GB,MIN,0,00-0035700,Josh Jacobs,RB,td_recepcion,0.13,,,0.12,2026-08-12 17:39
2026,1,2026-09-13,GB @ MIN,GB,MIN,0,00-0039146,Jayden Reed,WR,yardas_recepcion,32.82,5.74,56.77,,2026-08-12 17:39
2026,1,2026-09-13,GB @ MIN,GB,MIN,0,00-0039146,Jayden Reed,WR,recepciones,2.93,,,0.95,2026-08-12 17:39
2026,1,2026-09-13,GB @ MIN,GB,MIN,0,00-0039146,Jayden Reed,WR,td_recepcion,0.25,,,0.22,2026-08-12 17:39
2026,1,2026-09-13,GB @ MIN,GB,MIN,0,00-0039144,Luke Musgrave,TE,yardas_recepcion,31.43,0.74,80.59,,2026-08-12 17:39
2026,1,2026-09-13,GB @ MIN,GB,MIN,0,00-0039144,Luke Musgrave,TE,recepciones,2.3,,,0.9,2026-08-12 17:39
2026,1,2026-09-13,GB @ MIN,GB,MIN,0,00-0039144,Luke Musgrave,TE,td_recepcion,0.23,,,0.21,2026-08-12 17:39
2026,1,2026-09-13,GB @ MIN,GB,MIN,0,00-0040667,Matthew Golden,WR,yardas_recepcion,34.13,2.57,63.69,,2026-08-12 17:39
2026,1,2026-09-13,GB @ MIN,GB,MIN,0,00-0040667,Matthew Golden,WR,recepciones,2.01,,,0.87,2026-08-12 17:39
2026,1,2026-09-13,GB @ MIN,GB,MIN,0,00-0040667,Matthew Golden,WR,td_recepcion,0.21,,,0.19,2026-08-12 17:39
2026,1,2026-09-13,WAS @ PHI,PHI,WAS,1,00-0036912,DeVonta Smith,WR,yardas_recepcion,48.61,14.39,82.16,,2026-08-12 17:39
2026,1,2026-09-13,WAS @ PHI,PHI,WAS,1,00-0036912,DeVonta Smith,WR,recepciones,4.05,,,0.98,2026-08-12 17:39
2026,1,2026-09-13,WAS @ PHI,PHI,WAS,1,00-0036912,DeVonta Smith,WR,td_recepcion,0.24,,,0.21,2026-08-12 17:39
2026,1,2026-09-13,WAS @ PHI,PHI,WAS,1,00-0036389,Jalen Hurts,QB,yardas_pase,188.98,116.06,281.29,,2026-08-12 17:39
2026,1,2026-09-13,WAS @ PHI,PHI,WAS,1,00-0036389,Jalen Hurts,QB,td_pase,1.12,,,0.67,2026-08-12 17:39
2026,1,2026-09-13,WAS @ PHI,PHI,WAS,1,00-0036389,Jalen Hurts,QB,intercepciones,0.47,,,0.38,2026-08-12 17:39
2026,1,2026-09-13,WAS @ PHI,PHI,WAS,1,00-0036389,Jalen Hurts,QB,yardas_tierra,23.37,2.48,45.72,,2026-08-12 17:39
2026,1,2026-09-13,WAS @ PHI,PHI,WAS,1,00-0036389,Jalen Hurts,QB,td_tierra,0.19,,,0.17,2026-08-12 17:39
2026,1,2026-09-13,WAS @ PHI,PHI,WAS,1,00-0034351,Dallas Goedert,TE,yardas_recepcion,54.4,18.68,86.91,,2026-08-12 17:39
2026,1,2026-09-13,WAS @ PHI,PHI,WAS,1,00-0034351,Dallas Goedert,TE,recepciones,4.73,,,0.99,2026-08-12 17:39
2026,1,2026-09-13,WAS @ PHI,PHI,WAS,1,00-0034351,Dallas Goedert,TE,td_recepcion,0.34,,,0.29,2026-08-12 17:39
2026,1,2026-09-13,WAS @ PHI,PHI,WAS,1,00-0034844,Saquon Barkley,RB,yardas_tierra,111.88,45.25,115.11,,2026-08-12 17:39
2026,1,2026-09-13,WAS @ PHI,PHI,WAS,1,00-0034844,Saquon Barkley,RB,td_tierra,1.24,,,0.71,2026-08-12 17:39
2026,1,2026-09-13,WAS @ PHI,PHI,WAS,1,00-0034844,Saquon Barkley,RB,yardas_recepcion,18.92,1.08,33.34,,2026-08-12 17:39
2026,1,2026-09-13,WAS @ PHI,PHI,WAS,1,00-0034844,Saquon Barkley,RB,recepciones,1.88,,,0.85,2026-08-12 17:39
2026,1,2026-09-13,WAS @ PHI,PHI,WAS,1,00-0034844,Saquon Barkley,RB,td_recepcion,0.1,,,0.09,2026-08-12 17:39
2026,1,2026-09-13,WAS @ PHI,PHI,WAS,1,00-0038393,Dontayvion Wicks,WR,yardas_recepcion,25.38,2.3,49.02,,2026-08-12 17:39
2026,1,2026-09-13,WAS @ PHI,PHI,WAS,1,00-0038393,Dontayvion Wicks,WR,recepciones,2.0,,,0.86,2026-08-12 17:39
2026,1,2026-09-13,WAS @ PHI,PHI,WAS,1,00-0038393,Dontayvion Wicks,WR,td_recepcion,0.15,,,0.14,2026-08-12 17:39
2026,1,2026-09-13,WAS @ PHI,PHI,WAS,1,00-0038555,Tank Bigsby,RB,yardas_tierra,30.84,6.3,51.37,,2026-08-12 17:39
2026,1,2026-09-13,WAS @ PHI,PHI,WAS,1,00-0038555,Tank Bigsby,RB,td_tierra,0.23,,,0.2,2026-08-12 17:39
2026,1,2026-09-13,WAS @ PHI,PHI,WAS,1,00-0038555,Tank Bigsby,RB,yardas_recepcion,7.57,0.0,14.12,,2026-08-12 17:39
2026,1,2026-09-13,WAS @ PHI,PHI,WAS,1,00-0038555,Tank Bigsby,RB,recepciones,0.75,,,0.53,2026-08-12 17:39
2026,1,2026-09-13,WAS @ PHI,PHI,WAS,1,00-0038555,Tank Bigsby,RB,td_recepcion,0.04,,,0.04,2026-08-12 17:39
2026,1,2026-09-13,WAS @ PHI,WAS,PHI,0,00-0035659,Terry McLaurin,WR,yardas_recepcion,51.17,17.73,90.17,,2026-08-12 17:39
2026,1,2026-09-13,WAS @ PHI,WAS,PHI,0,00-0035659,Terry McLaurin,WR,recepciones,3.74,,,0.98,2026-08-12 17:39
2026,1,2026-09-13,WAS @ PHI,WAS,PHI,0,00-0035659,Terry McLaurin,WR,td_recepcion,0.25,,,0.22,2026-08-12 17:39
2026,1,2026-09-13,WAS @ PHI,WAS,PHI,0,00-0039910,Jayden Daniels,QB,yardas_pase,174.18,75.65,233.14,,2026-08-12 17:39
2026,1,2026-09-13,WAS @ PHI,WAS,PHI,0,00-0039910,Jayden Daniels,QB,td_pase,1.09,,,0.67,2026-08-12 17:39
2026,1,2026-09-13,WAS @ PHI,WAS,PHI,0,00-0039910,Jayden Daniels,QB,intercepciones,0.52,,,0.41,2026-08-12 17:39
2026,1,2026-09-13,WAS @ PHI,WAS,PHI,0,00-0039910,Jayden Daniels,QB,yardas_tierra,41.34,10.04,65.64,,2026-08-12 17:39
2026,1,2026-09-13,WAS @ PHI,WAS,PHI,0,00-0039910,Jayden Daniels,QB,td_tierra,0.38,,,0.31,2026-08-12 17:39
2026,1,2026-09-13,WAS @ PHI,WAS,PHI,0,00-0037809,Chig Okonkwo,TE,yardas_recepcion,33.41,9.71,57.18,,2026-08-12 17:39
2026,1,2026-09-13,WAS @ PHI,WAS,PHI,0,00-0037809,Chig Okonkwo,TE,recepciones,3.36,,,0.97,2026-08-12 17:39
2026,1,2026-09-13,WAS @ PHI,WAS,PHI,0,00-0037809,Chig Okonkwo,TE,td_recepcion,0.21,,,0.19,2026-08-12 17:39
2026,1,2026-09-13,WAS @ PHI,WAS,PHI,0,00-0040242,Jacory Croskey-Merritt,RB,yardas_tierra,46.88,13.16,71.48,,2026-08-12 17:39
2026,1,2026-09-13,WAS @ PHI,WAS,PHI,0,00-0040242,Jacory Croskey-Merritt,RB,td_tierra,0.43,,,0.35,2026-08-12 17:39
2026,1,2026-09-13,WAS @ PHI,WAS,PHI,0,00-0040242,Jacory Croskey-Merritt,RB,yardas_recepcion,5.83,0.0,11.93,,2026-08-12 17:39
2026,1,2026-09-13,WAS @ PHI,WAS,PHI,0,00-0040242,Jacory Croskey-Merritt,RB,recepciones,0.65,,,0.48,2026-08-12 17:39
2026,1,2026-09-13,WAS @ PHI,WAS,PHI,0,00-0040242,Jacory Croskey-Merritt,RB,td_recepcion,0.03,,,0.03,2026-08-12 17:39
2026,1,2026-09-13,WAS @ PHI,WAS,PHI,0,00-0031588,Stefon Diggs,WR,yardas_recepcion,31.09,7.37,58.05,,2026-08-12 17:39
2026,1,2026-09-13,WAS @ PHI,WAS,PHI,0,00-0031588,Stefon Diggs,WR,recepciones,3.12,,,0.96,2026-08-12 17:39
2026,1,2026-09-13,WAS @ PHI,WAS,PHI,0,00-0031588,Stefon Diggs,WR,td_recepcion,0.16,,,0.15,2026-08-12 17:39
2026,1,2026-09-13,WAS @ PHI,WAS,PHI,0,00-0036628,John Bates,TE,yardas_recepcion,13.01,0.05,28.93,,2026-08-12 17:39
2026,1,2026-09-13,WAS @ PHI,WAS,PHI,0,00-0036628,John Bates,TE,recepciones,1.22,,,0.7,2026-08-12 17:39
2026,1,2026-09-13,WAS @ PHI,WAS,PHI,0,00-0036628,John Bates,TE,td_recepcion,0.1,,,0.1,2026-08-12 17:39
2026,1,2026-09-13,WAS @ PHI,WAS,PHI,0,00-0037256,Rachaad White,RB,yardas_tierra,22.36,2.31,43.47,,2026-08-12 17:39
2026,1,2026-09-13,WAS @ PHI,WAS,PHI,0,00-0037256,Rachaad White,RB,td_tierra,0.18,,,0.16,2026-08-12 17:39
2026,1,2026-09-13,WAS @ PHI,WAS,PHI,0,00-0037256,Rachaad White,RB,yardas_recepcion,11.03,0.0,23.79,,2026-08-12 17:39
2026,1,2026-09-13,WAS @ PHI,WAS,PHI,0,00-0037256,Rachaad White,RB,recepciones,1.34,,,0.74,2026-08-12 17:39
2026,1,2026-09-13,WAS @ PHI,WAS,PHI,0,00-0037256,Rachaad White,RB,td_recepcion,0.08,,,0.08,2026-08-12 17:39
2026,1,2026-09-13,WAS @ PHI,WAS,PHI,0,00-0039355,Luke McCaffrey,WR,yardas_recepcion,13.7,0.0,31.27,,2026-08-12 17:39
2026,1,2026-09-13,WAS @ PHI,WAS,PHI,0,00-0039355,Luke McCaffrey,WR,recepciones,1.19,,,0.69,2026-08-12 17:39
2026,1,2026-09-13,WAS @ PHI,WAS,PHI,0,00-0039355,Luke McCaffrey,WR,td_recepcion,0.1,,,0.1,2026-08-12 17:39
2026,1,2026-09-13,DAL @ NYG,NYG,DAL,1,00-0039337,Malik Nabers,WR,yardas_recepcion,57.34,25.26,97.0,,2026-08-12 17:39
2026,1,2026-09-13,DAL @ NYG,NYG,DAL,1,00-0039337,Malik Nabers,WR,recepciones,4.33,,,0.99,2026-08-12 17:39
2026,1,2026-09-13,DAL @ NYG,NYG,DAL,1,00-0039337,Malik Nabers,WR,td_recepcion,0.38,,,0.31,2026-08-12 17:39
2026,1,2026-09-13,DAL @ NYG,NYG,DAL,1,00-0040691,Jaxson Dart,QB,yardas_pase,210.22,144.43,272.25,,2026-08-12 17:39
2026,1,2026-09-13,DAL @ NYG,NYG,DAL,1,00-0040691,Jaxson Dart,QB,td_pase,1.1,,,0.67,2026-08-12 17:39
2026,1,2026-09-13,DAL @ NYG,NYG,DAL,1,00-0040691,Jaxson Dart,QB,intercepciones,0.59,,,0.45,2026-08-12 17:39
2026,1,2026-09-13,DAL @ NYG,NYG,DAL,1,00-0040691,Jaxson Dart,QB,yardas_tierra,28.12,5.39,45.95,,2026-08-12 17:39
2026,1,2026-09-13,DAL @ NYG,NYG,DAL,1,00-0040691,Jaxson Dart,QB,td_tierra,0.27,,,0.23,2026-08-12 17:39
2026,1,2026-09-13,DAL @ NYG,NYG,DAL,1,00-0037838,Isaiah Likely,TE,yardas_recepcion,31.03,3.72,59.7,,2026-08-12 17:39
2026,1,2026-09-13,DAL @ NYG,NYG,DAL,1,00-0037838,Isaiah Likely,TE,recepciones,2.59,,,0.92,2026-08-12 17:39
2026,1,2026-09-13,DAL @ NYG,NYG,DAL,1,00-0037838,Isaiah Likely,TE,td_recepcion,0.2,,,0.18,2026-08-12 17:39
2026,1,2026-09-13,DAL @ NYG,NYG,DAL,1,00-0040715,Cam Skattebo,RB,yardas_tierra,71.74,30.0,103.26,,2026-08-12 17:39
2026,1,2026-09-13,DAL @ NYG,NYG,DAL,1,00-0040715,Cam Skattebo,RB,td_tierra,0.53,,,0.41,2026-08-12 17:39
2026,1,2026-09-13,DAL @ NYG,NYG,DAL,1,00-0040715,Cam Skattebo,RB,yardas_recepcion,24.37,2.74,43.51,,2026-08-12 17:39
2026,1,2026-09-13,DAL @ NYG,NYG,DAL,1,00-0040715,Cam Skattebo,RB,recepciones,2.59,,,0.93,2026-08-12 17:39
2026,1,2026-09-13,DAL @ NYG,NYG,DAL,1,00-0040715,Cam Skattebo,RB,td_recepcion,0.14,,,0.13,2026-08-12 17:39
2026,1,2026-09-13,DAL @ NYG,NYG,DAL,1,00-0035535,Darius Slayton,WR,yardas_recepcion,47.99,13.52,78.78,,2026-08-12 17:39
2026,1,2026-09-13,DAL @ NYG,NYG,DAL,1,00-0035535,Darius Slayton,WR,recepciones,3.42,,,0.97,2026-08-12 17:39
2026,1,2026-09-13,DAL @ NYG,NYG,DAL,1,00-0035535,Darius Slayton,WR,td_recepcion,0.28,,,0.25,2026-08-12 17:39
2026,1,2026-09-13,DAL @ NYG,NYG,DAL,1,00-0039847,Theo Johnson,TE,yardas_recepcion,29.82,8.74,77.14,,2026-08-12 17:39
2026,1,2026-09-13,DAL @ NYG,NYG,DAL,1,00-0039847,Theo Johnson,TE,recepciones,2.9,,,0.95,2026-08-12 17:39
2026,1,2026-09-13,DAL @ NYG,NYG,DAL,1,00-0039847,Theo Johnson,TE,td_recepcion,0.17,,,0.16,2026-08-12 17:39
2026,1,2026-09-13,DAL @ NYG,NYG,DAL,1,00-0039384,Tyrone Tracy Jr.,RB,yardas_tierra,59.74,30.11,93.95,,2026-08-12 17:39
2026,1,2026-09-13,DAL @ NYG,NYG,DAL,1,00-0039384,Tyrone Tracy Jr.,RB,td_tierra,0.46,,,0.37,2026-08-12 17:39
2026,1,2026-09-13,DAL @ NYG,NYG,DAL,1,00-0039384,Tyrone Tracy Jr.,RB,yardas_recepcion,23.35,1.31,47.29,,2026-08-12 17:39
2026,1,2026-09-13,DAL @ NYG,NYG,DAL,1,00-0039384,Tyrone Tracy Jr.,RB,recepciones,2.91,,,0.95,2026-08-12 17:39
2026,1,2026-09-13,DAL @ NYG,NYG,DAL,1,00-0039384,Tyrone Tracy Jr.,RB,td_recepcion,0.14,,,0.13,2026-08-12 17:39
2026,1,2026-09-13,DAL @ NYG,NYG,DAL,1,00-0037837,Calvin Austin III,WR,yardas_recepcion,20.76,0.1,40.77,,2026-08-12 17:39
2026,1,2026-09-13,DAL @ NYG,NYG,DAL,1,00-0037837,Calvin Austin III,WR,recepciones,1.52,,,0.78,2026-08-12 17:39
2026,1,2026-09-13,DAL @ NYG,NYG,DAL,1,00-0037837,Calvin Austin III,WR,td_recepcion,0.1,,,0.1,2026-08-12 17:39
2026,1,2026-09-13,DAL @ NYG,DAL,NYG,0,00-0036358,CeeDee Lamb,WR,yardas_recepcion,52.17,18.11,85.14,,2026-08-12 17:39
2026,1,2026-09-13,DAL @ NYG,DAL,NYG,0,00-0036358,CeeDee Lamb,WR,recepciones,4.36,,,0.99,2026-08-12 17:39
2026,1,2026-09-13,DAL @ NYG,DAL,NYG,0,00-0036358,CeeDee Lamb,WR,td_recepcion,0.26,,,0.23,2026-08-12 17:39
2026,1,2026-09-13,DAL @ NYG,DAL,NYG,0,00-0033077,Dak Prescott,QB,yardas_pase,243.44,152.75,313.77,,2026-08-12 17:39
2026,1,2026-09-13,DAL @ NYG,DAL,NYG,0,00-0033077,Dak Prescott,QB,td_pase,1.35,,,0.74,2026-08-12 17:39
2026,1,2026-09-13,DAL @ NYG,DAL,NYG,0,00-0033077,Dak Prescott,QB,intercepciones,0.82,,,0.56,2026-08-12 17:39
2026,1,2026-09-13,DAL @ NYG,DAL,NYG,0,00-0033077,Dak Prescott,QB,yardas_tierra,11.87,0.0,22.87,,2026-08-12 17:39
2026,1,2026-09-13,DAL @ NYG,DAL,NYG,0,00-0033077,Dak Prescott,QB,td_tierra,0.12,,,0.12,2026-08-12 17:39
2026,1,2026-09-13,DAL @ NYG,DAL,NYG,0,00-0038041,Jake Ferguson,TE,yardas_recepcion,20.54,2.33,44.22,,2026-08-12 17:39
2026,1,2026-09-13,DAL @ NYG,DAL,NYG,0,00-0038041,Jake Ferguson,TE,recepciones,2.31,,,0.9,2026-08-12 17:39
2026,1,2026-09-13,DAL @ NYG,DAL,NYG,0,00-0038041,Jake Ferguson,TE,td_recepcion,0.15,,,0.14,2026-08-12 17:39
2026,1,2026-09-13,DAL @ NYG,DAL,NYG,0,00-0036997,Javonte Williams,RB,yardas_tierra,61.33,27.64,97.97,,2026-08-12 17:39
2026,1,2026-09-13,DAL @ NYG,DAL,NYG,0,00-0036997,Javonte Williams,RB,td_tierra,0.49,,,0.39,2026-08-12 17:39
2026,1,2026-09-13,DAL @ NYG,DAL,NYG,0,00-0036997,Javonte Williams,RB,yardas_recepcion,15.21,0.09,29.16,,2026-08-12 17:39
2026,1,2026-09-13,DAL @ NYG,DAL,NYG,0,00-0036997,Javonte Williams,RB,recepciones,1.72,,,0.82,2026-08-12 17:39
2026,1,2026-09-13,DAL @ NYG,DAL,NYG,0,00-0036997,Javonte Williams,RB,td_recepcion,0.08,,,0.08,2026-08-12 17:39
2026,1,2026-09-13,DAL @ NYG,DAL,NYG,0,00-0037247,George Pickens,WR,yardas_recepcion,51.28,16.02,79.65,,2026-08-12 17:39
2026,1,2026-09-13,DAL @ NYG,DAL,NYG,0,00-0037247,George Pickens,WR,recepciones,3.82,,,0.98,2026-08-12 17:39
2026,1,2026-09-13,DAL @ NYG,DAL,NYG,0,00-0037247,George Pickens,WR,td_recepcion,0.34,,,0.29,2026-08-12 17:39
2026,1,2026-09-13,DAL @ NYG,DAL,NYG,0,00-0039530,Brevyn Spann-Ford,TE,yardas_recepcion,11.86,0.0,23.32,,2026-08-12 17:39
2026,1,2026-09-13,DAL @ NYG,DAL,NYG,0,00-0039530,Brevyn Spann-Ford,TE,recepciones,1.12,,,0.67,2026-08-12 17:39
2026,1,2026-09-13,DAL @ NYG,DAL,NYG,0,00-0039530,Brevyn Spann-Ford,TE,td_recepcion,0.07,,,0.07,2026-08-12 17:39
2026,1,2026-09-13,DAL @ NYG,DAL,NYG,0,00-0040586,Jaydon Blue,RB,yardas_tierra,26.99,3.2,58.72,,2026-08-12 17:39
2026,1,2026-09-13,DAL @ NYG,DAL,NYG,0,00-0040586,Jaydon Blue,RB,td_tierra,0.16,,,0.15,2026-08-12 17:39
2026,1,2026-09-13,DAL @ NYG,DAL,NYG,0,00-0040586,Jaydon Blue,RB,yardas_recepcion,5.51,0.0,10.07,,2026-08-12 17:39
2026,1,2026-09-13,DAL @ NYG,DAL,NYG,0,00-0040586,Jaydon Blue,RB,recepciones,0.7,,,0.5,2026-08-12 17:39
2026,1,2026-09-13,DAL @ NYG,DAL,NYG,0,00-0040586,Jaydon Blue,RB,td_recepcion,0.04,,,0.04,2026-08-12 17:39
2026,1,2026-09-13,DAL @ NYG,DAL,NYG,0,00-0039410,Ryan Flournoy,WR,yardas_recepcion,34.64,9.62,65.59,,2026-08-12 17:39
2026,1,2026-09-13,DAL @ NYG,DAL,NYG,0,00-0039410,Ryan Flournoy,WR,recepciones,3.69,,,0.98,2026-08-12 17:39
2026,1,2026-09-13,DAL @ NYG,DAL,NYG,0,00-0039410,Ryan Flournoy,WR,td_recepcion,0.23,,,0.2,2026-08-12 17:39
2026,1,2026-09-14,DEN @ KC,KC,DEN,1,00-0039067,Rashee Rice,WR,yardas_recepcion,65.09,31.84,103.84,,2026-08-12 17:39
2026,1,2026-09-14,DEN @ KC,KC,DEN,1,00-0039067,Rashee Rice,WR,recepciones,5.59,,,1.0,2026-08-12 17:39
2026,1,2026-09-14,DEN @ KC,KC,DEN,1,00-0039067,Rashee Rice,WR,td_recepcion,0.35,,,0.3,2026-08-12 17:39
2026,1,2026-09-14,DEN @ KC,KC,DEN,1,00-0033873,Patrick Mahomes,QB,yardas_pase,243.89,152.17,295.92,,2026-08-12 17:39
2026,1,2026-09-14,DEN @ KC,KC,DEN,1,00-0033873,Patrick Mahomes,QB,td_pase,1.69,,,0.82,2026-08-12 17:39
2026,1,2026-09-14,DEN @ KC,KC,DEN,1,00-0033873,Patrick Mahomes,QB,intercepciones,0.88,,,0.58,2026-08-12 17:39
2026,1,2026-09-14,DEN @ KC,KC,DEN,1,00-0033873,Patrick Mahomes,QB,yardas_tierra,20.78,2.73,37.1,,2026-08-12 17:39
2026,1,2026-09-14,DEN @ KC,KC,DEN,1,00-0033873,Patrick Mahomes,QB,td_tierra,0.16,,,0.14,2026-08-12 17:39
2026,1,2026-09-14,DEN @ KC,KC,DEN,1,00-0030506,Travis Kelce,TE,yardas_recepcion,41.57,13.87,73.26,,2026-08-12 17:39
2026,1,2026-09-14,DEN @ KC,KC,DEN,1,00-0030506,Travis Kelce,TE,recepciones,4.08,,,0.98,2026-08-12 17:39
2026,1,2026-09-14,DEN @ KC,KC,DEN,1,00-0030506,Travis Kelce,TE,td_recepcion,0.24,,,0.22,2026-08-12 17:39
2026,1,2026-09-14,DEN @ KC,KC,DEN,1,00-0038134,Kenneth Walker III,RB,yardas_tierra,69.99,29.49,109.53,,2026-08-12 17:39
2026,1,2026-09-14,DEN @ KC,KC,DEN,1,00-0038134,Kenneth Walker III,RB,td_tierra,0.55,,,0.43,2026-08-12 17:39
2026,1,2026-09-14,DEN @ KC,KC,DEN,1,00-0038134,Kenneth Walker III,RB,yardas_recepcion,25.32,2.23,52.73,,2026-08-12 17:39
2026,1,2026-09-14,DEN @ KC,KC,DEN,1,00-0038134,Kenneth Walker III,RB,recepciones,2.49,,,0.92,2026-08-12 17:39
2026,1,2026-09-14,DEN @ KC,KC,DEN,1,00-0038134,Kenneth Walker III,RB,td_recepcion,0.16,,,0.14,2026-08-12 17:39
2026,1,2026-09-14,DEN @ KC,KC,DEN,1,00-0039894,Xavier Worthy,WR,yardas_recepcion,35.4,8.35,61.57,,2026-08-12 17:39
2026,1,2026-09-14,DEN @ KC,KC,DEN,1,00-0039894,Xavier Worthy,WR,recepciones,2.53,,,0.92,2026-08-12 17:39
2026,1,2026-09-14,DEN @ KC,KC,DEN,1,00-0039894,Xavier Worthy,WR,td_recepcion,0.23,,,0.2,2026-08-12 17:39
2026,1,2026-09-14,DEN @ KC,KC,DEN,1,00-0036637,Noah Gray,TE,yardas_recepcion,16.98,0.34,34.22,,2026-08-12 17:39
2026,1,2026-09-14,DEN @ KC,KC,DEN,1,00-0036637,Noah Gray,TE,recepciones,1.43,,,0.76,2026-08-12 17:39
2026,1,2026-09-14,DEN @ KC,KC,DEN,1,00-0036637,Noah Gray,TE,td_recepcion,0.06,,,0.06,2026-08-12 17:39
2026,1,2026-09-14,DEN @ KC,KC,DEN,1,00-0038104,Tyquan Thornton,WR,yardas_recepcion,15.5,0.0,29.77,,2026-08-12 17:39
2026,1,2026-09-14,DEN @ KC,KC,DEN,1,00-0038104,Tyquan Thornton,WR,recepciones,1.06,,,0.65,2026-08-12 17:39
2026,1,2026-09-14,DEN @ KC,KC,DEN,1,00-0038104,Tyquan Thornton,WR,td_recepcion,0.09,,,0.09,2026-08-12 17:39
2026,1,2026-09-14,DEN @ KC,DEN,KC,0,00-0034348,Courtland Sutton,WR,yardas_recepcion,47.77,17.23,78.63,,2026-08-12 17:39
2026,1,2026-09-14,DEN @ KC,DEN,KC,0,00-0034348,Courtland Sutton,WR,recepciones,4.05,,,0.98,2026-08-12 17:39
2026,1,2026-09-14,DEN @ KC,DEN,KC,0,00-0034348,Courtland Sutton,WR,td_recepcion,0.32,,,0.27,2026-08-12 17:39
2026,1,2026-09-14,DEN @ KC,DEN,KC,0,00-0039732,Bo Nix,QB,yardas_pase,196.74,133.53,291.85,,2026-08-12 17:39
2026,1,2026-09-14,DEN @ KC,DEN,KC,0,00-0039732,Bo Nix,QB,td_pase,1.67,,,0.81,2026-08-12 17:39
2026,1,2026-09-14,DEN @ KC,DEN,KC,0,00-0039732,Bo Nix,QB,intercepciones,0.77,,,0.53,2026-08-12 17:39
2026,1,2026-09-14,DEN @ KC,DEN,KC,0,00-0039732,Bo Nix,QB,yardas_tierra,37.73,7.55,59.62,,2026-08-12 17:39
2026,1,2026-09-14,DEN @ KC,DEN,KC,0,00-0039732,Bo Nix,QB,td_tierra,0.36,,,0.3,2026-08-12 17:39
2026,1,2026-09-14,DEN @ KC,DEN,KC,0,00-0033881,Evan Engram,TE,yardas_recepcion,20.03,0.78,38.56,,2026-08-12 17:39
2026,1,2026-09-14,DEN @ KC,DEN,KC,0,00-0033881,Evan Engram,TE,recepciones,2.2,,,0.89,2026-08-12 17:39
2026,1,2026-09-14,DEN @ KC,DEN,KC,0,00-0033881,Evan Engram,TE,td_recepcion,0.13,,,0.12,2026-08-12 17:39
2026,1,2026-09-14,DEN @ KC,DEN,KC,0,00-0036158,J.K. Dobbins,RB,yardas_tierra,63.34,26.74,100.2,,2026-08-12 17:39
2026,1,2026-09-14,DEN @ KC,DEN,KC,0,00-0036158,J.K. Dobbins,RB,td_tierra,0.47,,,0.37,2026-08-12 17:39
2026,1,2026-09-14,DEN @ KC,DEN,KC,0,00-0036158,J.K. Dobbins,RB,yardas_recepcion,10.72,0.0,20.11,,2026-08-12 17:39
2026,1,2026-09-14,DEN @ KC,DEN,KC,0,00-0036158,J.K. Dobbins,RB,recepciones,1.15,,,0.68,2026-08-12 17:39
2026,1,2026-09-14,DEN @ KC,DEN,KC,0,00-0036158,J.K. Dobbins,RB,td_recepcion,0.06,,,0.06,2026-08-12 17:39
2026,1,2026-09-14,DEN @ KC,DEN,KC,0,00-0036613,Jaylen Waddle,WR,yardas_recepcion,46.39,13.73,75.92,,2026-08-12 17:39
2026,1,2026-09-14,DEN @ KC,DEN,KC,0,00-0036613,Jaylen Waddle,WR,recepciones,3.58,,,0.97,2026-08-12 17:39
2026,1,2026-09-14,DEN @ KC,DEN,KC,0,00-0036613,Jaylen Waddle,WR,td_recepcion,0.22,,,0.2,2026-08-12 17:39
2026,1,2026-09-14,DEN @ KC,DEN,KC,0,00-0036422,Adam Trautman,TE,yardas_recepcion,19.6,0.98,38.6,,2026-08-12 17:39
2026,1,2026-09-14,DEN @ KC,DEN,KC,0,00-0036422,Adam Trautman,TE,recepciones,2.09,,,0.88,2026-08-12 17:39
2026,1,2026-09-14,DEN @ KC,DEN,KC,0,00-0036422,Adam Trautman,TE,td_recepcion,0.11,,,0.1,2026-08-12 17:39
2026,1,2026-09-14,DEN @ KC,DEN,KC,0,00-0040730,RJ Harvey,RB,yardas_tierra,43.8,14.93,72.8,,2026-08-12 17:39
2026,1,2026-09-14,DEN @ KC,DEN,KC,0,00-0040730,RJ Harvey,RB,td_tierra,0.27,,,0.23,2026-08-12 17:39
2026,1,2026-09-14,DEN @ KC,DEN,KC,0,00-0040730,RJ Harvey,RB,yardas_recepcion,29.93,5.18,52.43,,2026-08-12 17:39
2026,1,2026-09-14,DEN @ KC,DEN,KC,0,00-0040730,RJ Harvey,RB,recepciones,3.36,,,0.97,2026-08-12 17:39
2026,1,2026-09-14,DEN @ KC,DEN,KC,0,00-0040730,RJ Harvey,RB,td_recepcion,0.22,,,0.2,2026-08-12 17:39
2026,1,2026-09-14,DEN @ KC,DEN,KC,0,00-0039868,Troy Franklin,WR,yardas_recepcion,24.02,1.99,41.31,,2026-08-12 17:39
2026,1,2026-09-14,DEN @ KC,DEN,KC,0,00-0039868,Troy Franklin,WR,recepciones,2.41,,,0.91,2026-08-12 17:39
2026,1,2026-09-14,DEN @ KC,DEN,KC,0,00-0039868,Troy Franklin,WR,td_recepcion,0.2,,,0.18,2026-08-12 17:39
